,,,Naming Conventions,,,,,,Studio Categories,,,,,Studio Launch Dates,,,Studio Leadership,,,,,,Contact Information,,,,,,Geography,,,,,,,,,,,Online Footprint,,,Lease Information,,,Payroll,Franchising Information,,,,,,
Studio Name,#,Dist.,Studio Code,Studio NetSuite,Studio iKizmet,Studio CR,CR ID,PAYCOM_STUDIO_CODE,Studio Status,Maturity,Studio Size,Price Tier,Open Type,Studio Open Date,RF Soft Open Date,Grand Open Date,RM,DM,GM,GM ID,AGM,EDC,LI,Studio Email,Studio GM Email,Studio GM Riser Teams Chat,LI CP Email,LI Riser Teams Chat,Studio Phone #,Full Address,Street Address,City,County,State,Zip Code,Latitude,Longitude,District,Market,Region,Website,Instagram,Facebook,Sq. Footage,"Lease Expiry, incl. Options",Landlord,WCB_Amount,Acq. / ADA Name,ADA Effective Date,FA Effective Date,License #,Royalty %,Column1
Oro Valley,21,AZ,AZOV,AZOV AZ-oro-valley,Oro Valley,Club Pilates Oro Valley,6867,BBBB,Open,2+ Years,12,4,Acquisition,7/26/2018,8/1/2023,9/9/2018,Daniela Valenzuela,Kasandra Ryan,Chay Kurtz,A17W,Christian Olvera,Amy Young,Sarah Bjorndahl,orovalley@clubpilates.com,orovalleygm@clubpilates.com,orovalleygm@riserfit.com,orovalleyli@clubpilates.com,orovalleyli@riserfit.com,(520) 244-3300,"7972 N Oracle Rd., Oro Valley, AZ 85704",7972 N Oracle Rd.,Oro Valley,Pima County,AZ,85704,32.35,-110.97,TUC,TUC,Southwest,https://www.clubpilates.com/location/orovalley,https://www.instagram.com/clubpilatesorovalley/,https://www.facebook.com/clubpilatesorovalley,1750,Jul-33,"HJ Tucson, LLC",0,Kiser,10/6/2016,10/6/2016,1285,7.00%,
Tucson Foothills,22,AZ,AZTF,AZTF AZ-tucson-foothills,Tucson Foothills,Club Pilates Tucson Foothills,5961,AAAA,Open,2+ Years,12,4,Acquisition,8/10/2017,8/1/2023,9/24/2017,Daniela Valenzuela,Kasandra Ryan,Tracey Matsche,A04F,Cristiana Maldonado,Amy Young,Sarah Bjorndahl,tucsonfoothills@clubpilates.com,tucsonfoothillsgm@clubpilates.com,tucsonfoothillsgm@riserfit.com,orovalleyli@clubpilates.com,orovalleyli@riserfit.com,(520) 428-0130,"6872 E. Sunrise Dr., Ste. 150, Tucson, AZ 85750","6872 E. Sunrise Dr., Ste. 150",Tucson,Pima County,AZ,85750,32.31,-110.85,TUC,TUC,Southwest,https://www.clubpilates.com/location/tucsonfoothills,https://www.instagram.com/clubpilatestucsonfoothills/,https://www.facebook.com/clubpilatestucsonfoothills,1636,May-28,"EREP VENTANA II, LLC",0,Kiser,10/6/2016,10/6/2016,1284,7.00%,
Clayton,96,CA [N-EB],CACL,CACL CA-Clayton,Clayton,Club Pilates Clayton,14884,CACL,Open,< 6 Months,12,5,De Novo,11/6/2025,11/6/2025,1/10/2026,Kristin Chandler,Hillary Harvey,Gary Brown,A1JE,N/A,Annabel Castaldo,Dianna Stafford,clayton@clubpilates.com,claytongm@clubpilates.com,claytongm@riserfit.com,claytonli@clubpilates.com,claytonli@riserfit.com,(925) 276-9600,"5442 Ygnacio Valley Rd., Suite 29-C, Concord, CA 94521","5442 Ygnacio Valley Rd., Suite 29-C",Concord,Contra Costa County,CA,94521,37.95,-121.96,BAY,BAY,Southwest,https://www.clubpilates.com/location/clayton,https://www.instagram.com/clubpilates_clayton/,https://www.facebook.com/clubpilatesclayton/,1985,Oct-45,"Clayton Valley Shopping Center, LLC",5,Sep-23 Consolidated 45,5/9/2023,,3618,8.00%,
Danville,43,CA [N-EB],CADV,CADV CA-Danville,Danville,Club Pilates Danville,6876,CADV,Open,13 - 24 Months,12,5,Acquisition,5/31/2018,8/8/2024,7/15/2018,Kristin Chandler,Hillary Harvey,Romey Frazier,A1AA,N/A,Annabel Castaldo,Tricia Greensides,danville@clubpilates.com,danvillegm@clubpilates.com,danvillegm@riserfit.com,walnutcreekli@clubpilates.com,walnutcreekli@riserfit.com,(925) 854-5500,"3418 Camino Tassajara, Danville, CA 94506",3418 Camino Tassajara,Danville,Contra Costa County,CA,94506,37.8,-121.92,BAY,BAY,Southwest,https://www.clubpilates.com/location/danville,https://www.instagram.com/clubpilates_danville/,https://www.facebook.com/p/Club-Pilates-Danville,2300,Sep-38,"REG8 TASSAJARA CROSSING, LLC",5,Shiraki,,8/8/2024,1097,8.00%,
East Dublin,78,CA [N-EB],CAED,CAED CA-East Dublin,East Dublin,Club Pilates East Dublin,14406,CAED,Open,6 - 12 Months,12,5,De Novo,5/15/2025,5/15/2025,6/29/2025,Kristin Chandler,Hillary Harvey,Melisa Gardina,A1TD,N/A,Annabel Castaldo,Annabel Castaldo,eastdublin@clubpilates.com,eastdublingm@clubpilates.com,eastdublingm@riserfit.com,pleasantonli@clubpilates.com,pleasantonli@riserfit.com,(925) 307-7644,"4480 Tassajara Road, Suite A, Dublin, CA 94568","4480 Tassajara Road, Suite A",Dublin,Alameda County,CA,94568,37.71,-121.87,BAY,BAY,Southwest,https://www.clubpilates.com/location/eastdublin,https://www.instagram.com/clubpilateseastdublin/,https://www.facebook.com/cpeastdublin,1741,Mar-45,SVF Waterford Dublin Corporation,5,Shiraki,,8/8/2024,1099,8.00%,
Pleasanton,44,CA [N-EB],CAPL,CAPL CA-Pleasanton,Pleasanton,Club Pilates Pleasanton,4054,CAPL,Open,13 - 24 Months,12,5,Acquisition,10/1/2016,8/8/2024,11/15/2016,Kristin Chandler,Hillary Harvey,N/A,N/A,N/A,Annabel Castaldo,Annabel Castaldo,pleasanton@clubpilates.com,pleasantongm@clubpilates.com,pleasantongm@riserfit.com,pleasantonli@clubpilates.com,pleasantonli@riserfit.com,(925) 255-0880,"6766 Bernal Ave., Ste. 530, Pleasanton, CA 94566","6766 Bernal Ave., Ste. 530",Pleasanton,Alameda County,CA,94566,37.66,-121.9,BAY,BAY,Southwest,https://www.clubpilates.com/location/pleasanton,https://www.instagram.com/clubpilatespleasanton/,https://www.facebook.com/clubpilatespleasanton/,1775,Oct-36,"Pleasanton Retail Owner, Inc.",5,Shiraki,,8/8/2024,1096,8.00%,
San Leandro,97,CA [N-EB],CASL,CASL CA-San Leandro,San Leandro,Club Pilates San Leandro,14951,CASL,Open,< 6 Months,18,5,De Novo,11/13/2025,11/13/2025,1/17/2026,Kristin Chandler,Hillary Harvey,Shaina Singh,A0HZ,N/A,Annabel Castaldo,Esperanza Hemple,sanleandro@clubpilates.com,sanleandrogm@clubpilates.com,sanleandrogm@riserfit.com,unioncityli@clubpilates.com,unioncityli@riserfit.com,(510) 671-1511,"1353 Washington Ave., Suite D2, San Leandro, CA 94577","1353 Washington Ave., Suite D2",San Leandro,Alameda County,CA,94577,37.72,-122.16,BAY,BAY,Southwest,https://www.clubpilates.com/location/SanLeandro,https://www.instagram.com/clubpilatessanleandro/,https://www.facebook.com/clubpilatessanleandro/,2361,#N/A,#N/A,5,Sep-23 Consolidated 45,9/29/2023,,3379,8.00%,
San Ramon,102,CA [N-EB],CASR,CASR CA-San Ramon,San Ramon,Club Pilates San Ramon,14959,CASR,Open,SO to GO,12,5,De Novo,2/24/2026,2/20/2026,4/10/2026,Kristin Chandler,Hillary Harvey,Kerry Crecion,A1NS,N/A,Annabel Castaldo,Stephanie Hoeven,sanramon@clubpilates.com,sanramongm@clubpilates.com,sanramongm@riserfit.com,fremontli@clubpilates.com,fremontli@riserfit.com,(925) 361-2355,"3191 Crow Canyon Place, Suite F, San Ramon, CA 94583","3191 Crow Canyon Place, Suite F",San Ramon,Contra Costa County,CA,94583,37.78,-121.97,BAY,BAY,Southwest,https://www.clubpilates.com/location/sanramon,https://www.instagram.com/clubpilatessanramon/,https://www.facebook.com/clubpilatessanramon/,1948,#N/A,#N/A,5,Sep-23 Consolidated 45,9/29/2023,,3378,8.00%,
Walnut Creek,45,CA [N-EB],CAWC,CAWC CA-Walnut Creek,Walnut Creek,Club Pilates Walnut Creek,10961,CAWC,Open,13 - 24 Months,12,5,Acquisition,3/18/2021,8/8/2024,5/2/2021,Kristin Chandler,Hillary Harvey,Colleen Horn,A0M5,N/A,Annabel Castaldo,Tricia Greensides,walnutcreek@clubpilates.com,walnutcreekgm@clubpilates.com,walnutcreekgm@riserfit.com,walnutcreekli@clubpilates.com,walnutcreekli@riserfit.com,(925) 395-2644,"1576 Botelho Dr., Walnut Creek, CA 94596",1576 Botelho Dr.,Walnut Creek,Contra Costa County,CA,94596,37.89,-122.06,BAY,BAY,Southwest,https://www.clubpilates.com/location/walnutcreek,https://www.instagram.com/clubpilates_walnutcreek/,https://www.facebook.com/clubpilateswalnutcreek/,1787,Feb-41,"Escuela Shopping Center, LLC C/o Regency Centers Corporation",5,Shiraki,,8/8/2024,1101,8.00%,
Fremont,18,CA [N-SB],CAFR,CAFR CA-fremont,Fremont,Club Pilates Fremont,6230,6230,Open,2+ Years,12,5,Acquisition,1/29/2018,5/1/2023,3/15/2018,Kristin Chandler,Jazmyn Fontenot,Trinity Cardenas,A1OA,N/A,Annabel Castaldo,Stephanie Hoeven,fremont@clubpilates.com,fremontgm@clubpilates.com,fremontgm@riserfit.com,fremontli@clubpilates.com,fremontli@riserfit.com,(510) 456-7755,"44047 Osgood Rd., Ste. 220, Fremont, CA 94539","44047 Osgood Rd., Ste. 220",Fremont,Alameda County,CA,94539,37.51,-121.94,BAY,BAY,Southwest,https://www.clubpilates.com/location/fremont,https://www.instagram.com/clubpilatesfremont/,https://www.facebook.com/clubpilatesfremont,1318,Feb-38,Cai Investments LLC,5,Peng,11/20/2015,5/1/2023,1077,6.00%,
Los Gatos,49,CA [N-SB],CALG,CALG CA-los-gatos,Los Gatos,Club Pilates Los Gatos,12808,CALG,Open,13 - 24 Months,12,5,De Novo,8/15/2024,8/15/2024,9/29/2024,Kristin Chandler,Jazmyn Fontenot,Connie Liu,A0MX,N/A,Molly Stene,Michaela Lien,losgatos@clubpilates.com,losgatosgm@clubpilates.com,losgatosgm@riserfit.com,losgatosli@clubpilates.com,losgatosli@riserfit.com,(408) 560-1345,"14010 Blossom Hill Rd., Los Gatos, CA 95032",14010 Blossom Hill Rd.,Los Gatos,Santa Clara County,CA,95023,37.24,-121.91,BAY,BAY,Southwest,https://www.clubpilates.com/location/losgatos,https://www.instagram.com/clubpilates_losgatos/,https://www.facebook.com/clubpilateslosgatos,1750,Sep-44,Blossom Hill Investment Company,5,Paper,(Brian Paper),5/14/2021,2056,8.00%,
North San Jose,46,CA [N-SB],CANS,CANS CA-North San Jose,North San Jose,Club Pilates North San Jose,5340,CANS,Open,13 - 24 Months,12,5,Acquisition,1/7/2017,8/8/2024,2/21/2017,Kristin Chandler,Jazmyn Fontenot,N/A,N/A,N/A,Annabel Castaldo,N/A,northsanjose@clubpilates.com,northsanjosegm@clubpilates.com,northsanjosegm@riserfit.com,N/A,N/A,(408) 359-4484,"1708 Oakland Rd., #200, San Jose, CA 95131","1708 Oakland Rd., #200",San Jose,Santa Clara County,CA,95131,37.38,-121.89,BAY,BAY,Southwest,https://www.clubpilates.com/location/northsanjose,https://www.instagram.com/clubpilates_northsanjose/,https://www.facebook.com/clubpilatesnorthsanjose/,1402,Jan-34,B10 Mountain B SF LP,5,Shiraki,,8/8/2024,1157,8.00%,
Santa Clara,52,CA [N-SB],CASC,CASC CA-santa-clara,Santa Clara,Club Pilates Santa Clara,13983,CASC,Open,13 - 24 Months,12,5,De Novo,9/5/2024,9/5/2024,10/20/2024,Kristin Chandler,Jazmyn Fontenot,Cinnamon Hoffman,A1OC,N/A,Molly Stene,Stella Shao,santaclara@clubpilates.com,santaclaragm@clubpilates.com,santaclaragm@riserfit.com,santaclarali@clubpilates.com,santaclarali@clubpilates.com,(408) 758-8106,"3347 Coronado Place, Santa Clara, CA 95054",3347 Coronado Place,Santa Clara,Santa Clara County,CA,95054,37.38,-121.97,BAY,BAY,Southwest,https://www.clubpilates.com/location/santaclara,https://www.instagram.com/clubpilates_santaclara/,https://www.facebook.com/clubpilatessantaclara,1417,Jul-39,3265 SCOTT BOULEVARD LLC,5,Rubin,5/9/2023,7/1/2024,3258,8.00%,
Union City,42,CA [N-SB],CAUC,CAUC CA-union-city,Union City,Club Pilates Union City,13929,CAUC,Open,13 - 24 Months,18,5,De Novo,8/1/2024,8/1/2024,9/15/2024,Kristin Chandler,Jazmyn Fontenot,Celeste Lopez,A0KG,N/A,Annabel Castaldo,Esperanza Hemple,unioncity@clubpilates.com,unioncitygm@clubpilates.com,unioncitygm@riserfit.com,unioncityli@clubpilates.com,unioncityli@riserfit.com,(510) 585-4960,"32175 Union Landing Blvd., Union City, CA 94587",32175 Union Landing Blvd.,Union City,Alameda County,CA,94587,37.6,-122.07,BAY,BAY,Southwest,https://www.clubpilates.com/location/unioncity,https://www.instagram.com/clubpilates_unioncity/,https://www.facebook.com/clubpilatesunioncity,2793,Mar-44,Dyer Triangle LLC C/o SyWest Development LLC,5,Sep-23 Consolidated 45,5/9/2023,No FA effective Date,3260,8.00%,
Daly City,32,CA [N-WB],CADC,CADC CA-daly-city,Daly City,Club Pilates Daly City,13431,CADC,Open,13 - 24 Months,12,5,De Novo,4/25/2024,4/25/2024,6/9/2024,Kristin Chandler,Jules Silk,Karina Pranza,A0DU,N/A,Molly Stene,Yvette Ly,dalycity@clubpilates.com,dalycitygm@clubpilates.com,dalycitygm@riserfit.com,dalycityli@clubpilates.com,dalycityli@riserfit.com,(650) 263-4505,"3 Serramonte Center, Suite 127F, Daly City, CA 94015","3 Serramonte Center, Suite 127F",Daly City,San Mateo County,CA,94015,37.67,-122.47,BAY,BAY,Southwest,https://www.clubpilates.com/location/dalycity,https://www.instagram.com/clubpilates_dalycity/,https://www.facebook.com/clubpilatesdalycity,2204,May-39,"Daly City Serramonte Center, LLC",5,Chandiok,(Rahul Chandiok),12/28/2021,3045,8.00%,
Palo Alto,47,CA [N-WB],CAPA,CAPA CA-Palo Alto,Palo Alto,Club Pilates Palo Alto,6393,CAPA,Open,13 - 24 Months,12,5,Acquisition,7/19/2018,8/8/2024,9/2/2018,Kristin Chandler,Jules Silk,Tatiana Taylor,A0MU,N/A,Molly Stene,Kerry Broderick,paloalto@clubpilates.com,paloaltogm@clubpilates.com,paloaltogm@riserfit.com,paloaltoli@clubpilates.com,paloaltoli@riserfit.com,(650) 722-8237,"490 California Ave., Ste. 120, Palo Alto, CA 94306","490 California Ave., Ste. 120",Palo Alto,Santa Clara County,CA,94306,37.43,-122.15,BAY,BAY,Southwest,https://www.clubpilates.com/location/paloalto,https://www.instagram.com/clubpilates_paloalto/,https://www.facebook.com/clubpilatespaloalto/,1528,Feb-39,ISBI 490 California LLC,5,Shiraki,,8/8/2024,1019,8.00%,
San Bruno,82,CA [N-WB],CASB,CASB CA-San-Bruno,San Bruno,Club Pilates San Bruno,14635,CASB,Open,6 - 12 Months,12,5,De Novo,8/7/2025,8/7/2025,9/21/2025,Kristin Chandler,Jules Silk,Michael Bergen,A14H,N/A,Molly Stene,Yvette Ly,sanbruno@clubpilates.com,sanbrunogm@clubpilates.com,sanbrunogm@riserfit.com,dalycityli@clubpilates.com,dalycityli@riserfit.com,(650) 540-1999,"851 Cherry Avenue, Suite 13, San Bruno, CA 94066","851 Cherry Avenue, Suite 13",San Bruno,San Mateo County,CA,94066,37.63,-122.43,BAY,BAY,Southwest,https://www.clubpilates.com/location/SanBruno,https://www.instagram.com/clubpilates_sanbruno/,https://www.facebook.com/clubpilatessanbruno/,1771,TBD,"FW CA-BAY HILL SHOPPING CENTER, LLC",10,Sep-23 Consolidated 45,9/29/2023,,3372,8.00%,
San Mateo,50,CA [N-WB],CASM,CASM CA-San Mateo,San Mateo,Club Pilates San Mateo,13407,CASM,Open,13 - 24 Months,12,5,De Novo,8/15/2024,8/15/2024,9/29/2024,Kristin Chandler,Jules Silk,Andrea Dorantes,A1K4,N/A,Molly Stene,Molly Stene,sanmateo@clubpilates.com,sanmateogm@clubpilates.com,sanmateogm@riserfit.com,sanmateoli@clubpilates.com,sanmateoli@riserfit.com,(650) 378-1240,"15 N B St., Suite F, San Mateo, CA 94401","15 N B St., Suite F",San Mateo,San Mateo County,CA,94401,37.57,-122.33,BAY,BAY,Southwest,https://www.clubpilates.com/location/sanmateo,https://www.instagram.com/clubpilates_sanmateo/,https://www.facebook.com/clubpilatessanmateo/,1881,Nov-44,"303 Baldwin, LP",5,Shiraki,,8/8/2024,1363,8.00%,
Sunnyvale,48,CA [N-WB],CASV,CASV CA-Sunnyvale,Sunnyvale,Club Pilates Sunnyvale,3742,CASV,Open,13 - 24 Months,12,5,Acquisition,11/12/2016,8/8/2024,12/27/2016,Kristin Chandler,Jules Silk,Abi Sundaram,A1J6,N/A,Molly Stene,Stella Shao,sunnyvale@clubpilates.com,sunnyvalegm@clubpilates.com,sunnyvalegm@riserfit.com,santaclarali@clubpilates.com,santaclarali@clubpilates.com,(408) 675-9073,"562 E El Camino Real, Sunnyvale, CA 94087",562 E El Camino Real,Sunnyvale,Santa Clara County,CA,94087,37.36,-122.03,BAY,BAY,Southwest,https://www.clubpilates.com/location/sunnyvale,https://www.instagram.com/clubpilates_sunnyvale/,https://www.facebook.com/clubpilatessunnyvale/,1840,Sep-38,"Peter Pavlina Family, LLC",5,Shiraki,,8/8/2024,1139,8.00%,
Arroyo Grande,57,CA [S1-CEN],CAAG,CAAG CA-Arroyo Grande,Arroyo Grande,Club Pilates Arroyo Grande,13732,CAAG,Open,13 - 24 Months,12,5,Acquisition,12/31/2023,2/17/2025,2/14/2024,Daniela Valenzuela,Kasandra Ryan,Rebecca DeFrank,A0UT,N/A,Amy Cady,Teddy Rae Richards,Arroyogrande@clubpilates.com,Arroyograndegm@clubpilates.com,Arroyograndegm@riserfit.com,arroyograndeli@clubpilates.com,arroyograndeli@riserfit.com,(805) 779-8465,"925 Rancho Parkway, Arroyo Grande, CA 93420",925 Rancho Parkway,Arroyo Grande,San Luis Obispo County,CA,93420,35.13,-120.59,CEN,CEN,Southwest,https://www.clubpilates.com/location/arroyogrande,https://www.instagram.com/clubpilatesarroyogrande/,https://www.facebook.com/clubpilatesarroyogrande,1495,Jan-34,"Sphear Investments, LLC",0,Stevenson,,2/17/2024,3308,8.00%,
Paso Robles,58,CA [S1-CEN],CAPR,CAPR CA-Paso Robles,Paso Robles,Club Pilates Paso Robles,10660,CAPR,Open,13 - 24 Months,12,5,Acquisition,10/8/2020,2/17/2025,11/22/2020,Daniela Valenzuela,Kasandra Ryan,Hannah Mortensen,A1IU,N/A,Amy Cady,Tiffany Emry,Pasorobles@clubpilates.com,Pasoroblesgm@clubpilates.com,Pasoroblesgm@riserfit.com,pasoroblesli@clubpilates.com,pasoroblesli@riserfit.com,(805) 369-1971,"2051 Theatre Drive, Paso Robles, CA 93446",2051 Theatre Drive,Paso Robles,San Luis Obispo County,CA,93446,35.59,-120.7,CEN,CEN,Southwest,https://www.clubpilates.com/location/pasorobles,https://www.instagram.com/clubpilatespasorobles/,https://www.facebook.com/clubpilatespasorobles,1890,Oct-35,"Pinkstar Holdings, LLC",0,Stevenson,,2/17/2024,1654,8.00%,
San Luis Obispo,59,CA [S1-CEN],CAOB,CAOB CA-San Luis Obispo,San Luis Obispo,Club Pilates San Luis Obispo,8488,CAOB,Open,13 - 24 Months,12,5,Acquisition,5/16/2019,2/17/2025,6/30/2019,Daniela Valenzuela,Kasandra Ryan,Quinn Box,A1F5,N/A,Amy Cady,Teddy Rae Richards,Sanluisobispo@clubpilates.com,Sanluisobispogm@clubpilates.com,Sanluisobispogm@riserfit.com,arroyograndeli@clubpilates.com,arroyograndeli@riserfit.com,(805) 366-4750,"209 Madonna Road, San Luis Obispo, CA 93405",209 Madonna Road,San Luis Obispo,San Luis Obispo County,CA,93405,35.26,-120.68,CEN,CEN,Southwest,https://www.clubpilates.com/location/SanLuisObispo,https://www.instagram.com/clubpilates_sanluisobispo/,https://www.facebook.com/clubpilatessanluisobispo,2557,Jun-39,MADONNA PLAZA SRT LP,0,Stevenson,,2/17/2024,1655,8.00%,
Echo Park,4,CA [S2-LA],CAEP,CAEP CA-echo-park,Echo Park,Club Pilates Echo Park,3414,3414,Open,2+ Years,12,5,Acquisition,3/31/2017,3/31/2017,5/15/2017,Daniela Valenzuela,Shaelana Pass,Tea Roy,A0S4,Lizette Soto,Amy Cady,Shannon Schroeder,echopark@clubpilates.com,echoparkgm@clubpilates.com,echoparkgm@riserfit.com,echoparkli@clubpilates.com,echoparkli@riserfit.com,(323) 505-4355,"1720 W Sunset Blvd., Los Angeles, CA 90026",1720 W Sunset Blvd.,Echo Park,Los Angeles County,CA,90026,34.08,-118.27,LAX,LA,Southwest,https://www.clubpilates.com/location/echopark,https://www.instagram.com/clubpilates_echopark/,https://www.facebook.com/ClubPilatesEchoPark,1340,Dec-31,"SMRN, LLC",0,Xpo Acq. 2017,3/9/2015,3/31/2017,1058,6.00%,
Glassell Park,53,CA [S2-LA],CAGP,CAGP CA-glassell-park,Glassell Park,Club Pilates Glassell Park,14258,CAGP,Open,13 - 24 Months,12,5,De Novo,12/5/2024,12/5/2024,1/19/2025,Daniela Valenzuela,Shaelana Pass,Lucille Cocco,A0NN,N/A,Amy Cady,Shannon Schroeder,glassellpark@clubpilates.com,glassellparkgm@clubpilates.com,glassellparkgm@riserfit.com,echoparkli@clubpilates.com,echoparkli@riserfit.com,(213) 838-2421,"2614 Arthur Street, Los Angeles, CA 90065",2614 Arthur Street,Los Angeles,Los Angeles County,CA,90065,34.11,-118.24,LAX,LA,Southwest,https://www.clubpilates.com/location/glassellpark,https://www.instagram.com/clubpilates_glassellpark/,https://www.facebook.com/clubpilatesglassellpark,2066,Mar-40,"Verdugo Marketplace, LLC C/o Coda Equities, LLC",0,Sep-23 Consolidated 45,9/29/2023,7/1/2024,3368,8.00%,
N La Cienega,68,CA [S2-LA],CALC,CALC CA-N La Cienega,N La Cienega,Club Pilates N La Cienega,14351,CASU,Open,6 - 12 Months,12,5,De Novo,3/28/2025,3/28/2025,5/12/2025,Daniela Valenzuela,Shaelana Pass,Kristiana Flowers*,A08C,N/A,Amy Cady,Erin Decoursey,nlacienega@clubpilates.com,nlacienegagm@clubpilates.com,nlacienegagm@riserfit.com,weholi@clubpilates.com,weholi@riserfit.com,(213) 782-5558,"1106 N. La Cienega Blvd., Suite 106, West Hollywood, CA 90069","1106 N. La Cienega Blvd., Suite 106",West Hollywood,Los Angeles County,CA,90069,34.09,-118.38,LAX,LA,Southwest,https://www.clubpilates.com/location/nlacienega,https://www.instagram.com/clubpilates_nlacienega/,https://www.facebook.com/clubpilatesnlacienega,1584,Jan-45,#N/A,0,Sep-23 Consolidated 45,5/9/2023,7/1/2024,3254,8.00%,
San Pedro,91,CA [S2-LA],CASP,CASP CA-San Pedro,San Pedro,Club Pilates San Pedro,14775,CASP,Open,6 - 12 Months,12,5,De Novo,9/25/2025,9/25/2025,11/9/2025,Daniela Valenzuela,Shaelana Pass,Janelle Axton,A0N9,N/A,Connie Chia,Bisi Mustapha,sanpedro@cluppilates.com,sanpedrogm@clubpilates.com,sanpedrogm@riserfit.com,torranceli@clubpilates.com,torranceli@riserfit.com,(310) 513-5330,"938 N Western Ave, Unit 260, San Pedro, CA 90732","938 N Western Ave, Unit 260",San Pedro,Los Angeles County,CA,90732,33.75,-118.31,LAX,LBC,Southwest,https://www.clubpilates.com/location/sanpedro,https://www.instagram.com/clubpilates_sanpedro/,https://www.facebook.com/clubpilatessanpedro,2186,TBD,"GRI PARK PLAZA, LLC",0,Sep-23 Consolidated 45,9/29/2023,,3369,8.00%,
Torrance,31,CA [S2-LA],CATO,CATO CA-torrance,Torrance,Club Pilates Torrance,13272,CATO,Open,13 - 24 Months,12,5,De Novo,3/21/2024,3/21/2024,5/5/2024,Daniela Valenzuela,Shaelana Pass,Alison Wade,A0A1,N/A,Connie Chia,Bisi Mustapha,torrance@clubpilates.com,torrancegm@clubpilates.com,torrancegm@riserfit.com,torranceli@clubpilates.com,torranceli@riserfit.com,(310) 755-7960,"2539 Pacific Coast Highway, Suite D, Torrance, CA 90505","2539 Pacific Coast Highway, Suite D",Torrance,Los Angeles County,CA,90505,33.79,-118.33,LAX,LBC,Southwest,https://www.clubpilates.com/location/torrance,https://www.instagram.com/clubpilates_torrance/,https://www.facebook.com/clubpilatestorrance,1750,Mar-39,"Rolling Hills Plaza, LLC",0,Castro,8/26/2022,7/1/2024,3112,8.00%,
West Hollywood,5,CA [S2-LA],CAWH,CAWH CA-west-hollywood,WeHo,Club Pilates WeHo,3224,3224,Open,2+ Years,12,5,Acquisition,3/31/2017,3/31/2017,5/15/2017,Daniela Valenzuela,Shaelana Pass,Mike Melnick,A08C,N/A,Amy Cady,Erin Decoursey,weho@clubpilates.com,wehogm@clubpilates.com,westhollywoodgm@riserfit.com,weholi@clubpilates.com,weholi@riserfit.com,(323) 774-2701,"7318 Santa Monica Blvd, Ste 20, West Hollywood, CA 90046","7318 Santa Monica Blvd, Ste 20",West Hollywood,Los Angeles County,CA,90046,34.09,-118.35,LAX,LA,Southwest,https://www.clubpilates.com/location/weho,https://www.instagram.com/clubpilates_weho/,https://www.facebook.com/clubpilatesweho,2168,Aug-33,"AvalonBay Communities, Inc.",0,Xpo Acq. 2017,3/9/2015,4/20/2017,1057,6.00%,
West Torrance,99,CA [S2-LA],CAWT,CAWT CA-West Torrance,West Torrance,Club Pilates West Torrance,14933,CANT,Open,< 6 Months,24,5,De Novo,1/22/2026,1/22/2026,3/8/2026,Daniela Valenzuela,Shaelana Pass,Lauren Hassell,A19E,N/A,Connie Chia,Bisi Mustapha,westtorrance@clubpilates.com,westtorrancegm@clubpilates.com,northtorrancegm@riserfit.com,torranceli@clubpilates.com,torranceli@riserfit.com,(310) 953-8839,"4940 W 190th St, Torrance, CA 90503",4940 W 190th St,Torrance,Los Angeles County,CA,90503,33.86,-118.36,LAX,LBC,Southwest,https://www.clubpilates.com/location/westtorrance,https://www.instagram.com/clubpilateswesttorrance/,https://www.facebook.com/clubpilateswesttorrance/,4500,#N/A,"North Torrance Plaza, LLC",0,Sep-23 Consolidated 45,9/29/2023,,3376,8.00%,
Bixby Knolls,92,CA [S3-LB],CABX,CABX CA-Bixby Knolls,Bixby Knolls,Club Pilates Bixby Knolls,14804,CABX,Open,< 6 Months,12,5,De Novo,10/16/2025,10/16/2025,11/30/2025,Daniela Valenzuela,Camaren Sweet,Sabrina Ortega,A0O8,N/A,Connie Chia,Michelle Laciste,bixbyknolls@clubpilates.com,bixbyknollsgm@clubpilates.com,bixbyknollsgm@riserfit.com,eastlongbeachli@clubpilates.com,eastlongbeachli@riserfit.com,(562) 270-0733,"4010 Atlantic Ave., Long Beach, CA 90807",4010 Atlantic Ave.,Long Beach,Los Angeles County,CA,90807,33.83,-118.18,OCN,LBC,Southwest,https://www.clubpilates.com/location/bixbyknolls,https://www.instagram.com/clubpilatesbixbyknolls/,https://www.facebook.com/clubpilatesbixbyknolls,1488,Oct-45,HJRJ Investment LLC,0,Rubin,6/21/2023,7/2/2024,3284,8.00%,
East Long Beach,34,CA [S3-LB],CALB,CALB CA-East Long Beach,East Long Beach,Club Pilates East Long Beach,5931,CALB,Open,13 - 24 Months,24,5,Acquisition,6/20/2017,7/3/2024,8/4/2017,Daniela Valenzuela,Camaren Sweet,Savannah Patton,A0HP,Katie Natwick/ Danna Wright,Connie Chia,Michelle Laciste,eastlongbeach@clubpilates.com,eastlongbeachgm@clubpilates.com,eastlongbeachgm@riserfit.com,eastlongbeachli@clubpilates.com,eastlongbeachli@riserfit.com,(562) 521-1800,"5939 E. Spring St., Long Beach, CA 90808",5939 E. Spring St.,Long Beach,Los Angeles County,CA,90808,33.81,-118.12,OCN,LBC,Southwest,https://www.clubpilates.com/location/eastlongbeach,https://www.instagram.com/cpeastlongbeach,https://www.facebook.com/clubpilateseastlongbeach,1320,#N/A,"TRC SPRING STREET, LLC",0,Rubin,11/29/2016,11/28/2016,1351,8.00%,
Huntington Beach,35,CA [S3-LB],CAHB,CAHB CA-Huntington Beach,Huntington Beach,Club Pilates Huntington Beach,3634,CAHB,Open,13 - 24 Months,12,5,Acquisition,2/27/2016,7/3/2024,4/12/2016,Daniela Valenzuela,Camaren Sweet,Casey Secour,A0KC,N/A,Connie Chia,Connie Chia,huntingtonbeach@clubpilates.com,huntingtonbeachgm@clubpilates.com,huntingtonbeachgm@riserfit.com,huntingtonbeachli@clubpilates.com,huntingtonbeachli@riserfit.com,(714) 375-1400,"7012 Edinger Ave., Unit 103, Huntington Beach, CA 92647","7012 Edinger Ave., Unit 103",Huntington Beach,Orange County,CA,92647,33.73,-118.01,OCN,OC,Southwest,https://www.clubpilates.com/location/huntingtonbeach,https://www.instagram.com/clubpilateshuntingtonbeach/,https://www.facebook.com/clubpilateshuntingtonbeach,1500,Nov-30,"The Doyle Foundation, Inc., Busby Family, LLC & Goldenwest & Edinger, LP",0,Rubin,1/1/2014,10/23/2015,1015,8.00%,
Lakewood Heartwell,36,CA [S3-LB],CALW,CALW CA-Lakewood Heartwell,Lakewood Heartwell,Club Pilates Lakewood Heartwell,13729,CALW,Open,13 - 24 Months,22,5,Acquisition,12/31/2023,7/3/2024,2/14/2024,Daniela Valenzuela,Camaren Sweet,Janelle Monzon,A0I5,Ana Zuniga,Connie Chia,Joey Navarette,lakewoodheartwell@clubpilates.com,lakewoodheartwellgm@clubpilates.com,lakewoodheartwellgm@riserfit.com,sealbeachli@clubpilates.com,sealbeachli@riserfit.com,(562) 364-2666,"4146 Woodruff Ave., Lakewood, CA 90713",4146 Woodruff Ave.,Lakewood,Los Angeles County,CA,90713,33.83,-118.12,OCN,LBC,Southwest,https://www.clubpilates.com/location/lakewoodheartwell,https://www.instagram.com/clubpilateslakewoodh,https://www.facebook.com/clubpilateslakewoodheartwell,1555,Apr-44,Carwood Center LLC,0,Rubin,6/21/2023,6/21/2023,3282,8.00%,
Long Beach Marina,51,CA [S3-LB],CALM,CALM CA-Long Beach Marina,Long Beach Marina,Club Pilates Long Beach Marina,14080,CALM,Open,13 - 24 Months,12,5,De Novo,8/22/2024,8/22/2024,10/6/2024,Daniela Valenzuela,Camaren Sweet,Maxine Hardy,A0IA,N/A,Connie Chia,Cris Mendonca,longbeachmarina@clubpilates.com,longbeachmarinagm@clubpilates.com,longbeachmarinagm@riserfit.com,longbeachmarinali@clubpilates.com,longbeachmarinali@riserfit.com,(562) 232-4100,"6236 Pacific Coast Highway, Long Beach, CA 90803",6236 Pacific Coast Highway,Long Beach,Los Angeles County,CA,90803,33.77,-118.12,OCN,LBC,Southwest,https://www.clubpilates.com/location/longbeachmarina,https://www.instagram.com/clubpilateslongbeachmarina/,https://www.facebook.com/clubpilateslongbeachmarina,1790,Dec-43,Marina Center PCH LLC,0,Rubin,6/21/2023,7/2/2024,3283,8.00%,
Newland Center,37,CA [S3-LB],CAHN,CAHN CA-Newland Center,HB Newland Center,Club Pilates HB Newland Center,12743,CAHN,Open,13 - 24 Months,12,5,Acquisition,12/15/2022,7/3/2024,1/29/2023,Daniela Valenzuela,Camaren Sweet,Avery Love,A0ID,N/A,Connie Chia,Connie Chia,hbnewlandcenter@clubpilates.com,hbnewlandcentergm@clubpilates.com,hbnewlandcentergm@riserfit.com,huntingtonbeachli@clubpilates.com,huntingtonbeachli@riserfit.com,(657) 300-8440,"19730 Beach Blvd., Huntington Beach, CA 92648",19730 Beach Blvd.,Huntington Beach,Orange County,CA,92648,33.68,-117.99,OCN,OC,Southwest,https://www.clubpilates.com/location/hbnewlandcenter,https://www.instagram.com/clubpilateshbnewlandcenter/,https://www.facebook.com/clubpilateshbnewlandcenter,1710,Jul-37,Regency Centers LP,0,Rubin,10/19/2017,10/19/2017,1630,8.00%,
Seal Beach,38,CA [S3-LB],CASE,CASE CA-Seal Beach,Seal Beach,Club Pilates Seal Beach,13439,CASE,Open,13 - 24 Months,12,5,Acquisition,11/9/2023,7/3/2024,12/24/2023,Daniela Valenzuela,Camaren Sweet,Quintin Green,A0UC,N/A,Connie Chia,Joey Navarette,sealbeach@clubpilates.com,sealbeachgm@clubpilates.com,sealbeachgm@riserfit.com,sealbeachli@clubpilates.com,sealbeachli@riserfit.com,(562) 261-5551,"12830 Seal Beach Blvd, Unit A, Seal Beach, CA 90740","12830 Seal Beach Blvd, Unit A",Seal Beach,Orange County,CA,90740,33.78,-118.07,OCN,OC,Southwest,https://www.clubpilates.com/location/sealbeach,https://www.instagram.com/clubpilatessealbeach/,https://www.facebook.com/clubpilatessealbeach,1720,Feb-44,Lampson Avenue Partners LLC,0,Rubin,(Rubin),6/14/2022,3095,8.00%,
South Huntington Beach,39,CA [S3-LB],CASH,CASH CA-South Huntington Beach,South Huntington Beach,Club Pilates South Huntington Beach,10928,CASH,Open,13 - 24 Months,12,5,Acquisition,9/10/2020,7/3/2024,10/25/2020,Daniela Valenzuela,Camaren Sweet,Carol McBride,A0HA,N/A,Connie Chia,Brenda Hart,southhuntington@clubpilates.com,southhuntingtongm@clubpilates.com,southhuntingtongm@riserfit.com,fountainvalleyli@clubpilates.com,fountainvalleyli@riserfit.com,(657) 300-8488,"8945 Atlanta Ave., Huntington Beach, CA 92646",8945 Atlanta Ave.,Huntington Beach,Orange County,CA,92646,33.66,-117.97,OCN,OC,Southwest,https://www.clubpilates.com/location/southhuntingtonbeach,https://www.instagram.com/clubpilatessouthhb/,https://www.facebook.com/clubpilatessouthhuntingtonbeach,1800,Oct-38,Huntington Beach No. 2,0,Rubin,10/19/2017,10/19/2017,1629,8.00%,
Alton Square,14,CA [S4-NOC],CAAS,CAAS CA-alton-square,Alton Square,Club Pilates Alton Square,12064,12064,Open,2+ Years,12,5,De Novo,8/1/2022,8/1/2022,9/15/2022,Daniela Valenzuela,Samantha Sherwood,Jasmine Chatman,A119,N/A,Amy Cady,Chrissie Amorosia,altonsquare@clubpilates.com,altonsquaregm@clubpilates.com,altonsquaregm@riserfit.com,altonsquareli@clubpilates.com,altonsquareli@riserfit.com,(949) 676-3330,"5405 Alton Parkway, Suite B, Irvine, CA 92604","5405 Alton Parkway, Suite B",Irvine,Orange County,CA,92604,33.67,-117.79,OCN,OC,Southwest,https://www.clubpilates.com/location/altonsquare,https://www.instagram.com/clubpilates_altonsquare/,https://www.facebook.com/clubpilatesaltonsquare,1350,Jul-32,Alton Square LP c/o The Irvine Company LLC,0,2016 ADAs,,9/15/2021,3019,7.00%,
Anaheim Hills,19,CA [S4-NOC],CAAH,CAAH CA-anaheim-hills,Anaheim Hills,Club Pilates Anaheim Hills,13040,13040,Open,2+ Years,12,5,De Novo,6/22/2023,6/22/2023,8/6/2023,Daniela Valenzuela,Samantha Sherwood,Andrea Cervantes,A0UH,N/A,Amy Cady,Nikki Byrd,anaheimhills@clubpilates.com,anaheimhillsgm@clubpilates.com,anaheimhillsgm@riserfit.com,yorbalindali@clubpilates.com,yorbalindali@riserfit.com,(657) 999-3537,"701 S. Weir Canyon Rd, Suite 117, Anaheim, CA 92808","701 S. Weir Canyon Rd, Suite 117",Anaheim,Orange County,CA,92808,33.86,-117.74,OCN,OC,Southwest,https://www.clubpilates.com/location/anaheimhills,https://www.instagram.com/clubpilatesanaheimhills/,https://www.facebook.com/clubpilatesanaheimhillsca,1950,Jul-43,"Sycamore Canyon Plaza, LLC",0,2016 ADAs,,9/15/2021,3018,7.00%,
Fountain Valley,100,CA [S4-NOC],CAFV,CAFV CA-Fountain Valley,Fountain Valley,Club Pilates Fountain Valley,14930,CAFV,Open,< 6 Months,12,5,De Novo,1/22/2026,1/22/2026,3/8/2026,Daniela Valenzuela,Samantha Sherwood,Savannah Bland,N/A,N/A,Connie Chia,Brenda Hart,fountainvalley@clubpilates.com,fountainvalleygm@clubpilates.com,fountainvalleygm@riserfit.com,fountainvalleyli@clubpilates.com,fountainvalleyli@riserfit.com,(714) 467-2688,"18589 Brookhurst Street, Space 470, Fountain Valley, California, 92708","18589 Brookhurst Street, Space 470",Fountain Valley,Orange County,CA,92708,33.69,-117.96,OCN,OC,Southwest,https://www.clubpilates.com/location/FountainValley,https://www.instagram.com/clubpilatesfountainvalley/,https://www.facebook.com/clubpilatesfountainvalley/,1576,#N/A,"Callens Corner (EDENS), LLC",5,Sep-23 Consolidated 45,9/29/2023,,3614,8.00%,
Newport Beach,6,CA [S4-NOC],CANB,CANB CA-newport-beach,Newport Beach,Club Pilates Newport Beach,7071,7071,Open,2+ Years,12,5,De Novo,11/5/2018,11/5/2018,12/20/2018,Daniela Valenzuela,Samantha Sherwood,Brian Krueger,A0Q4,N/A,Amy Cady,Maseerah Qureshi,newportbeach@clubpilates.com,newportbeachgm@clubpilates.com,newportbeachgm@riserfit.com,newportbeachli@clubpilates.com,newportbeachli@riserfit.com,(949) 339-3430,"1040 Bayside Dr., Newport Beach, CA 92660",1040 Bayside Dr.,Newport Beach,Orange County,CA,92660,33.61,-117.89,OCN,OC,Southwest,https://www.clubpilates.com/location/newportbeach,https://www.instagram.com/clubpilates_newportbeach/,https://www.facebook.com/clubpilatesnewportbeach,1500,Oct-25,Irvine Company LLC,0,2016 ADAs,11/16/2016,4/30/2018,1323,6.00%,
Newport Coast,93,CA [S4-NOC],CANC,CANC CA-Newport Coast,Newport Coast,Club Pilates Newport Coast,14805,CANC,Open,< 6 Months,12,5,De Novo,10/23/2025,10/23/2025,12/7/2025,Daniela Valenzuela,Samantha Sherwood,Nicole Violett Nunez,A0HE,N/A,Amy Cady,Maseerah Qureshi,newportcoast@clubpilates.com,newportcoastgm@clubpilates.com,newportcoastgm@riserfit.com,newportbeachli@clubpilates.com,newportbeachli@riserfit.com,(949) 662-3181,"21113 Newport Coast Dr., Newport Beach, CA 92657",21113 Newport Coast Dr.,Newport Beach,Orange County,CA,92657,33.61,-117.83,OCN,OC,Southwest,https://www.clubpilates.com/location/newportcoast,https://www.instagram.com/clubpilatesnewportcoast/,https://www.facebook.com/clubpilatesnewportcoast,1368,TBD,"The Irvine Company, LLC",0,Sep-23 Consolidated 45,5/9/2023,5/9/2023,3370,8.00%,
Yorba Linda,7,CA [S4-NOC],CAYL,CAYL CA-yorba-linda,Yorba Linda,Club Pilates Yorba Linda,6626,6626,Open,2+ Years,12,5,De Novo,5/20/2019,5/20/2019,7/4/2019,Daniela Valenzuela,Samantha Sherwood,Noelani Salazar,A07P,N/A,Amy Cady,Nikki Byrd,yorbalinda@clubpilates.com,yorbalindagm@clubpilates.com,yorbalindagm@riserfit.com,yorbalindali@clubpilates.com,yorbalindali@riserfit.com,(657) 363-3663,"18425 Yorba Linda Blvd., Yorba Linda, CA 92886",18425 Yorba Linda Blvd.,Yorba Linda,Orange County,CA,92886,33.89,-117.81,OCN,OC,Southwest,https://www.clubpilates.com/location/yorbalinda,https://www.instagram.com/clubpilates_yorbalinda/,https://www.facebook.com/clubpilatesyorbalinda,1559,Apr-34,"ZELMAN YORBA LINDA, LLC",0,2016 ADAs,11/16/2016,7/31/2017,1322,6.00%,
Aliso Viejo,41,CA [S5-SOC],CAAV,CAAV CA-aliso-viejo,Aliso Viejo,Club Pilates Aliso Viejo,13931,CAAVV,Open,13 - 24 Months,12,5,De Novo,7/25/2024,7/25/2024,9/8/2024,Daniela Valenzuela,Jordyn Graham,Erin Koppel,A0AV,N/A,Amy Cady,Laura Anderson,alisoviejo@clubpilates.com,alisoviejogm@clubpilates.com,alisoviejogm@riserfit.com,lagunaniguelli@clubpilates.com,lagunaniguelli@riserfit.com,(949) 213-0313,"27270 Alicia Parkway, Suite 4E Laguna Niguel, CA 92677","27270 Alicia Parkway, Suite 4E Laguna Niguel",Laguna Niguel,Orange County,CA,92677,33.57,-117.71,OCS,OC,Southwest,https://www.clubpilates.com/location/alisoviejo,https://www.instagram.com/clubpilates_alisoviejo/,https://www.facebook.com/clubpilatesalisoviejo,1800,Jul-39,"Shapell Socal Rental Properties, LLC C/o Shapell Properties, Inc.",0,Sep-23 Consolidated 45,5/9/2023,7/1/2024,3256,8.00%,
Dana Point,1,CA [S5-SOC],CADP,CADP CA-dana-point,Dana Point,Club Pilates Dana Point,3140,3140,Open,2+ Years,12,5,De Novo,7/13/2013,7/13/2013,8/27/2013,Daniela Valenzuela,Jordyn Graham,John Settles,A1B7,N/A,Amy Cady,Laura Anderson,danapoint@clubpilates.com,danapointgm@clubpilates.com,danapointgm@riserfit.com,lagunaniguelli@clubpilates.com,lagunaniguelli@riserfit.com,(949) 216-6165,"33611 Del Obispo St, Ste C, Dana Point, CA 92629","33611 Del Obispo St, Ste C",Dana Point,Orange County,CA,92629,33.47,-117.69,OCS,OC,Southwest,https://www.clubpilates.com/location/danapoint,https://www.instagram.com/clubpilates_danapoint/,https://www.facebook.com/ClubPilatesDanaPoint,1505,Mar-28,"BCORE Retail Stonehill Del Obispo LLC, C/o ShopCore Properties, L.P.",0,Original 3,5/21/2013,5/21/2013,1009,8.00%,
Laguna Niguel,2,CA [S5-SOC],CALN,CALN CA-laguna-niguel,Laguna Niguel,Club Pilates Laguna Niguel,3138,3138,Open,2+ Years,12,5,De Novo,2/14/2014,2/14/2014,3/31/2014,Daniela Valenzuela,Jordyn Graham,Zara Contreras,A0SY,N/A,Amy Cady,Laura Anderson,lagunaniguel@clubpilates.com,lagunaniguelgm@clubpilates.com,lagunaniguelgm@riserfit.com,lagunaniguelli@clubpilates.com,lagunaniguelli@riserfit.com,(949) 388-6886,"30100 Town Center Drive, Suite B-1, Laguna Niguel, CA 92677","30100 Town Center Drive, Suite B-1",Laguna Niguel,Orange County,CA,92677,33.53,-117.71,OCS,OC,Southwest,https://www.clubpilates.com/location/lagunaniguel,https://www.instagram.com/clubpilates_lagunaniguel/,https://www.facebook.com/ClubPilatesLagunaNiguel,2000,Apr-30,Laguna Niguel Town Center LLC,0,Original 3,12/31/2014,12/31/2014,1032,8.00%,
Los Olivos,13,CA [S5-SOC],CAOL,CAOL CA-los-olivos,Los Olivos,Club Pilates Los Olivos,11820,11820,Open,2+ Years,12,5,De Novo,7/25/2022,7/25/2022,9/8/2022,Daniela Valenzuela,Jordyn Graham,Savannah Magadan,N/A,N/A,Amy Cady,Chrissie Amorosia,losolivos@clubpilates.com,losolivosgm@clubpilates.com,losolivosgm@riserfit.com,altonsquareli@clubpilates.com,altonsquareli@riserfit.com,(949) 755-1755,"8503 Irvine Center Drive, Irvine, CA 92618",8503 Irvine Center Drive,Irvine,Orange County,CA,92618,33.65,-117.75,OCS,OC,Southwest,https://www.clubpilates.com/location/losolivos,https://www.instagram.com/clubpilates_losolivos/,https://www.facebook.com/clubpilateslosolivos,1362,Jul-32,Los Olivos Marketplace LLC c/o The Irvine Company LLC,0,2016 ADAs,3/16/2016,8/31/2021,1324,6.00%,
Mission Viejo,3,CA [S5-SOC],CAMV,CAMV CA-mission-viejo,Mission Viejo,Club Pilates Mission Viejo,3137,3137,Open,2+ Years,12,5,De Novo,2/28/2014,2/28/2014,4/14/2014,Daniela Valenzuela,Jordyn Graham,Hanah Huynh,A0J3,N/A,Amy Cady,Amy Cady,missionviejo@clubpilates.com,missionviejogm@clubpilates.com,missionviejogm@riserfit.com,missionviejoli@clubpilates.com,missionviejoli@riserfit.com,(949) 446-8243,"25800 Jeronimo Road, Ste 404, Mission Viejo, CA 92691","25800 Jeronimo Road, Ste 404",Mission Viejo,Orange County,CA,92691,33.62,-117.68,OCS,OC,Southwest,https://www.clubpilates.com/location/missionviejo,https://www.instagram.com/clubpilates_missionviejo/,https://www.facebook.com/ClubPilatesMissionViejo,1845,Dec-30,"Bayport Jeronimo Associates, L.P ., a California limited partnership",0,Original 3,12/31/2014,7/28/2014,1031,8.00%,
4S Ranch,84,CA [S6-SD],CA4S,CA4S CA-4S Ranch,4S Ranch,Club Pilates 4S Ranch,7114,CA4S,Open,6 - 12 Months,12,4.5,Acquisition,1/24/2019,8/28/2025,3/10/2019,Daniela Valenzuela,Andrea Ammerman,Sabrina Latanca,A1H1,N/A,Natalie Watkins,Ian Isles,4sranch@clubpilates.com,4sranchgm@clubpilates.com,4sranchgm@riserfit.com,ranchobernardoli@clubpilates.com,ranchobernardoli@riserfit.com,(858) 239-2121,"16615 Dove Canyon Road, Suite 115, San Diego, CA 92127","16615 Dove Canyon Road, Suite 115",San Diego,San Diego County,CA,92127,33.01,-117.11,SAN,SD,Southwest,https://www.clubpilates.com/location/4sranch,https://www.instagram.com/clubpilates4sranch/,https://www.facebook.com/clubpilates4sranch/,,,,0,Hoyos Hughes,,,,8.00%,
Bankers Hill,85,CA [S6-SD],CABH,CABH CA-Banker's Hill,Bankers Hill,Club Pilates Bankers Hill,3086,CABH,Open,6 - 12 Months,10,4.5,Acquisition,TBD,8/28/2025,TBD,Daniela Valenzuela,Andrea Ammerman,Ariana Bhalla,A1GN,N/A,Natalie Watkins,Rhonda Kirwan,bankershill@clubpilates.com,bankershillgm@clubpilates.com,bankershillgm@riserfit.com,bankershillli@clubpilates.com,bankershillli@riserfit.com,(619) 701-6414,"2760 5th Avenue, Suite 110, San Diego, CA 92103","2760 5th Avenue, Suite 110",San Diego,San Diego County,CA,92103,32.73,-117.16,SAN,SD,Southwest,https://www.clubpilates.com/location/bankershill,https://www.instagram.com/clubpilates_bankershill/,https://www.facebook.com/clubpilatesbankershill/,,,,0,Hoyos Hughes,,,,8.00%,
Escondido,86,CA [S6-SD],CAES,CAES CA-Escondido,Escondido,Club Pilates Escondido,9562,CAES,Open,6 - 12 Months,14,4.5,Acquisition,11/14/2019,8/28/2025,12/29/2019,Daniela Valenzuela,Andrea Ammerman,Sommar Reyes,A1GA,Anaid Martinez,Natalie Watkins,Natalie Watkins,escondido@clubpilates.com,escondidogm@clubpilates.com,escondidogm@riserfit.com,osideli@clubpilates.com,osideli@riserfit.com,(760) 227-5970,"1835 South Centre City Parkway, Suite J, Escondido, CA 92025",1835 South Centre City Parkway,Escondido,San Diego County,CA,92025,33.1,-117.08,SAN,SD,Southwest,https://www.clubpilates.com/location/escondido,https://www.instagram.com/clubpilatesescondido/,https://www.facebook.com/clubpilatesescondido/,,,,0,Hoyos Hughes,,,,8.00%,
Granite Hills,87,CA [S6-SD],CAGH,CAGH CA-Granite Hills,Granite Hills,Club Pilates Granite Hills,5713,CAGH,Open,6 - 12 Months,12,4.5,Acquisition,9/23/2017,8/28/2025,11/7/2017,Daniela Valenzuela,Andrea Ammerman,Breanna Nolan,A1QF,N/A,Natalie Watkins,Rhonda Kirwan,granitehills@clubpilates.com,granitehillsgm@clubpilates.com,granitehillsgm@riserfit.com,bankershillli@clubpilates.com,bankershillli@riserfit.com,(619) 329-1180,"747 Jamacha Rd., El Cajon, CA 92019",747 Jamacha Rd,El Cajon,San Diego County,CA,92019,32.79,-116.93,SAN,SD,Southwest,https://www.clubpilates.com/location/granitehills,https://www.instagram.com/clubpilatesgranitehills/,https://www.facebook.com/clubpilatesgranitehills/,,,,0,Hoyos Hughes,,,,8.00%,
Oside,88,CA [S6-SD],CAOS,CAOS CA-Oside,N/A,Club Pilates Oside,12644,CAOS,Open,6 - 12 Months,12,4.5,Acquisition,12/15/2022,8/28/2025,1/29/2023,Daniela Valenzuela,Andrea Ammerman,Kennedy Anderson,A1NR,N/A,Natalie Watkins,Natalie Watkins,oside@clubpilates.com,osidegm@clubpilates.com,osidegm@riserfit.com,osideli@clubpilates.com,osideli@riserfit.com,(760) 517-7055,"125 Old Grove Road, Suite 13, Oceanside, CA 92057","125 Old Grove Road, Suite 13",Oceanside,San Diego County,CA,92057,33.23,-117.31,SAN,SD,Southwest,https://www.clubpilates.com/location/oside,https://www.instagram.com/clubpilatesoside/,https://www.facebook.com/clubpilatesoside/,,,,0,Hoyos Hughes,,,,8.00%,
Poway,89,CA [S6-SD],CAPO,CAPO CA-Poway,Poway,Club Pilates Poway,6081,CAPO,Open,6 - 12 Months,12,4.5,Acquisition,11/14/2017,8/28/2025,12/29/2017,Daniela Valenzuela,Andrea Ammerman,Alexandra Zuniga,A1NX,N/A,Natalie Watkins,Lenore Shimkin,poway@clubpilates.com,powaygm@clubpilates.com,powaygm@riserfit.com,powayli@clubpilates.com,powayli@riserfit.com,(858) 299-6965,"13265 Midland Rd, Ste 130, Poway, CA 92064",13265 Midland Rd,Poway,San Diego County,CA,92064,32.96,-117.04,SAN,SD,Southwest,https://www.clubpilates.com/location/poway,https://www.instagram.com/clubpilatespoway/,https://www.facebook.com/clubpilatespoway/,,,,0,Hoyos Hughes,,,,8.00%,
Rancho Bernardo,90,CA [S6-SD],CARB,CARB CA-Rancho Bernardo,Rancho Bernardo,Club Pilates Rancho Bernardo,3089,CARB,Open,6 - 12 Months,12,4.5,Acquisition,TBD,8/28/2025,TBD,Daniela Valenzuela,Andrea Ammerman,Bailey Moon,A1H2,N/A,Natalie Watkins,Ian Isles,ranchobernardo@clubpilates.com,ranchobernardogm@clubpilates.com,ranchobernardogm@riserfit.com,ranchobernardoli@clubpilates.com,ranchobernardoli@riserfit.com,(858) 943-4741,"12145 Alta Carmel Ct, Ste 220, San Diego, CA 92128",12145 Alta Carmel Ct,San Diego,San Diego County,CA,92128,32.99,-117.07,SAN,SD,Southwest,https://www.clubpilates.com/location/ranchobernardo,https://www.instagram.com/clubpilatesranchobernardo/,https://www.facebook.com/clubpilatesranchobernardo/,,,,0,Hoyos Hughes,,,,8.00%,
Briargate,24,CO [COS],COBG,COBG CO-briargate,Briargate,Club Pilates Briargate,7496,ABCD,Open,2+ Years,12,4,Acquisition,2/28/2019,9/1/2023,4/14/2019,Kassandra Lopez,Jessica Hootman,Lauren Cartwright,A07C,Noelle Malone,Amy Young,Katie Alderson,briargate@clubpilates.com,briargategm@clubpilates.com,briargategm@riserfit.com,dublinli@clubpilates.com,dublinli@riserfit.com,(719) 394-1212,"9288 Forest Bluffs View, Unit 100, Colorado Springs, CO 80920","9288 Forest Bluffs View, Unit 100",Colorado Springs,El Paso County,CO,80920,38.96,-104.78,COS,COS,Northwest,https://www.clubpilates.com/location/briargate,https://www.instagram.com/clubpilatesbriargate/,https://www.facebook.com/clubpilatesbriargate,1790,Mar-39,Highlands At Briargate I,0,Cavanaugh,9/15/2017,8/24/2018,1608,8.00%,
Dublin,25,CO [COS],CODU,CODU CO-dublin,Dublin,Club Pilates Dublin,7605,ABCE,Open,2+ Years,12,4,Acquisition,2/28/2019,9/1/2023,4/14/2019,Kassandra Lopez,Jessica Hootman,Megan Walls,A06E,Nichelle Malone,Amy Young,Katie Alderson,dublin@clubpilates.com,dublingm@clubpilates.com,dublingm@riserfit.com,dublinli@clubpilates.com,dublinli@riserfit.com,(719) 394-1313,"5935 Dublin Blvd., Suite 150, Colorado Springs, CO 80923","5935 Dublin Blvd., Suite 150",Colorado Springs,El Paso County,CO,80923,38.92,-104.72,COS,COS,Northwest,https://www.clubpilates.com/location/dublin,https://www.instagram.com/clubpilatesdublin/,https://www.facebook.com/clubpilatesdublin,1610,Mar-39,"CL Shops At Dublin Commons CO, LLC",0,Cavanaugh,9/15/2017,9/14/2017,1607,8.00%,
Ivywild,26,CO [COS],COIW,COIW CO-ivywild,Ivywild,Club Pilates Ivywild,12322,ABCF,Open,2+ Years,12,4,Acquisition,6/16/2022,9/1/2023,7/31/2022,Kassandra Lopez,Jessica Hootman,Blaire Farrell,A07K,Jennifer Gates,Amy Young,Katie Alderson,ivywild@clubpilates.com,ivywildgm@clubpilates.com,ivywildgm@riserfit.com,dublinli@clubpilates.com,dublinli@riserfit.com,(719) 394-2121,"120 East Cheyenne Road, Suite 150, Colorado Springs, CO 80906","120 East Cheyenne Road, Suite 150",Colorado Springs,El Paso County,CO,80906,38.81,-104.82,COS,COS,Northwest,https://www.clubpilates.com/location/ivywild,https://www.instagram.com/clubpilatesivywild/,https://www.facebook.com/clubpilatesivywild,1710,Oct-42,Creekwalk LLC,0,Cavanaugh,9/15/2017,1/31/2022,1823,8.00%,
Castle Rock,40,CO [DEN],COCR,COCR CO-Castle Rock,Castle Rock,Club Pilates Castle Rock,5552,COCR,Open,13 - 24 Months,12,5,Acquisition,3/31/2017,7/9/2024,5/15/2017,Kassandra Lopez,Stephanie Ibarra,Darryl House,A0O5,N/A,Amy Young,Bonnianne Walker,castlerock@clubpilates.com,castlerockgm@clubpilates.com,castlerockgm@riserfit.com,castlerockli@clubpilates.com,castlerockli@riserfit.com,(720) 575-7185,"6360 Promenade Parkway, Unit 120, Castle Rock, CO 80108","6360 Promenade Parkway, Unit 120",Castle Rock,Douglas County,CO,80108,39.42,-104.88,DEN,DEN,Northwest,https://www.clubpilates.com/location/castlerock,https://www.instagram.com/clubpilatescastlerock/,https://www.facebook.com/clubpilatescastlerock,1722,Mar-37,"6360 PROMENADE RE, LLC",0,Borrego,7/20/2016,7/15/2016,1195,8.00%,
Cherry Creek,20,CO [DEN],COCC,COCC CO-cherry-creek,Cherry Creek,Club Pilates Cherry Creek,3156,XXXX,Open,2+ Years,12,4,Acquisition,2/2/2014,7/1/2023,3/19/2014,Kassandra Lopez,Stephanie Ibarra,Hope Christensen,A0KP,Jamese Ellis,Amy Young,Amy Young,cherrycreek@clubpilates.com,cherrycreekgm@clubpilates.com,cherrycreekgm@riserfit.com,cherrycreekli@clubpilates.com,cherrycreekli@riserfit.com,(720) 233-1352,"3033 E 1st Ave, Ste 102, Denver, CO 80206","3033 E 1st Ave, Ste 102",Denver,Denver County,CO,80206,39.72,-104.95,DEN,DEN,Northwest,https://www.clubpilates.com/location/cherrycreek,https://www.instagram.com/clubpilates_cherrycreek/,https://www.facebook.com/clubpilatescherrycreek,1472,Jan-38,"Sycamore Canyon Plaza, LLC",0,McDonald,3/31/2014,2/26/2021,1017,8.00%,
Cherry Hills,23,CO [DEN],COCH,COCH CO-cherry-hill,Cherry Hills,Club Pilates Cherry Hills,6461,ZZZZ,Open,2+ Years,12,4,Acquisition,4/26/2018,8/1/2023,6/10/2018,Kassandra Lopez,Stephanie Ibarra,Lauren Gomez,A1PI,N/A,Amy Young,Christina Barnett,cherryhills@clubpilates.com,cherryhillsgm@clubpilates.com,cherryhillsgm@riserfit.com,Cherryhillsli@clubpilates.com,Cherryhillsli@riserfit.com,(720) 699-8900,"3576 S. Logan St. Unit B, Englewood, CO 80113","3576 S. Logan St. Unit B, Englewood",Englewood,Arapahoe County,CO,80113,39.65,-104.98,DEN,DEN,Northwest,https://www.clubpilates.com/location/cherryhills,https://www.instagram.com/clubpilatescherryhills/,https://www.facebook.com/clubpilatescherryhills,1815,May-38,"Englewood Boardwalk, LLC",0,Wright,7/13/2017,5/31/2022,1542,8.00%,
Old Town,101,CO [DEN],COOT,COOT CO-Old Town,Old Town,Club Pilates Old Town,6920,COOT,Open,< 6 Months,12,3.5,Acquisition,TBD,1/28/2026,TBD,Kassandra Lopez,Stephanie Ibarra,Michelle Tafoya,A1QU,N/A,Amy Young,N/A,oldtown@clubpilates.com,oldtowngm@clubpilates.com,oldtowngm@riserfit.com,oldtownli@clubpilates.com,oldtownli@riserfit.com,(970) 657-2389,"244 North College Ave, Suite 125, Fort Collins, CO 80524","244 North College Ave, Suite 125",Fort Collins,Larimer County,CO,80524,40.59,-105.08,DEN,DEN,Northwest,,,,,,,,Lazetera,,,,8.00%,
Sloans Lake,27,CO [DEN],COSL,COSL CO-sloans-lake,Sloan's Lake,Club Pilates Sloan's Lake,3449,COSL,Open,2+ Years,12,4,Acquisition,1/9/2016,9/1/2023,2/23/2016,Kassandra Lopez,Stephanie Ibarra,Cheyanne Kratz,A1MA,Kevin Filippelli,Amy Young,Tammy Willenborg,sloanslake@clubpilates.com,sloanslakegm@clubpilates.com,sloanslakegm@riserfit.com,sloanslakeli@clubpilates.com,sloanslakeli@riserfit.com,(720) 446-9777,"1931 Sheridan Blvd, Unit V, Edgewater, CO 80214","1931 Sheridan Blvd, Unit V",Edgewater,Jefferson County,CO,80214,39.75,-105.06,DEN,DEN,Northwest,https://www.clubpilates.com/location/sloanslake,https://www.instagram.com/clubpilatessloanslake/,https://www.facebook.com/clubpilatessloanslake,1500,Apr-36,"WRI EDGEWATER MARKETPLACE, LLC",0,Lazetera,7/28/2015,6/1/2021,1636,8.00%,
Wheat Ridge,61,CO [DEN],COWR,COWR CO-Wheat Ridge,Wheat Ridge,Club Pilates Wheat Ridge,14636,COWR,Open,6 - 12 Months,18,4,De Novo,3/6/2025,3/6/2025,4/20/2025,Kassandra Lopez,Stephanie Ibarra,Breanna Brantley,A0GV,N/A,Amy Young,Tammy Willenborg,wheatridge@clubpilates.com,wheatridgegm@clubpilates.com,wheatridgegm@riserfit.com,sloanslakeli@clubpilates.com,sloanslakeli@riserfit.com,(303) 927-0910,"3294 Youngfield Street, Unit B, Wheat Ridge, CO 80033","3294 Youngfield Street, Unit B",Wheat Ridge,Jefferson County,CO,80033,39.76,-105.14,DEN,DEN,Northwest,https://www.clubpilates.com/location/WheatRidge,https://www.instagram.com/clubpilates_wheatridge/,https://www.facebook.com/clubpilateswheatridge/,2700,Mar-45,"U.S. Retail Partners, LLC C/o Regency Centers Corporation",0,Sep-23 Consolidated 45,5/9/2023,,3239,8.00%,
Arbor Lakes,79,MN [N],MNAL,MNAL MN-Arbor Lakes,Arbor Lakes,Club Pilates Arbor Lakes,3839,MNAL,Open,6 - 12 Months,12,4,Acquisition,6/4/2016,6/19/2025,7/19/2016,Kassandra Lopez,Ashley Scheerger,Olivia Switch,A1F4,Ashley McParland,Natasha Murphy,Hailey Haas,ArborLakes@clubpilates.com,ArborLakesgm@clubpilates.com,ArborLakesgm@riserfit.com,edenprairieli@clubpilates.com,edenprairieli@riserfit.com,(763) 219-4880,"11658 Fountains Drive, Maple Grove, MN 55369",11658 Fountains Drive,Maple Grove,Hennepin County,MN,55369,45.09,-93.43,MSP,MIN,Midwest,https://www.clubpilates.com/location/arborlakes,https://www.instagram.com/cparborlakes/,https://www.facebook.com/clubpilatesarborlakes/,1370,#N/A,"KIMCO ARBOR LAKES S.C., LLC",0,,,,,8.00%,
Minneapolis Lakes,62,MN [N],MNML,MNML MN-Minneapolis Lakes,Minneapolis Lakes,Club Pilates Minneapolis Lakes,13072,MNML,Open,6 - 12 Months,12,4,Acquisition,4/20/2023,3/11/2025,6/4/2023,Kassandra Lopez,Ashley Scheerger,Ellen Johnson,A0Z6,N/A,Natasha Murphy,Makayla Foertsch,minneapolislakes@clubpilates.com,minneapolislakesgm@clubpilates.com,minneapolislakesgm@riserfit.com,minneapolislakesli@clubpilates.com,minneapolislakesli@riserfit.com,(612) 564-0677,"3200B W Lake St, Minneapolis, MN 55416",3200B W Lake St,Minneapolis,Hennepin County,MN,55416,44.95,-93.32,MSP,MIN,Midwest,https://www.clubpilates.com/location/MinneapolisLakes,https://www.instagram.com/clubpilatesMinneapolisLakes,https://www.facebook.com/clubpilatesminneapolislakes/,1957,Jul-43,#N/A,0,Bounds,3/11/2025,,1281,8.00%,
Minnetonka West,63,MN [N],MNMT,MNMT MN-Minnetonka West,Minnetonka West,Club Pilates Minnetonka West,6317,MNMT,Open,6 - 12 Months,12,4,Acquisition,12/8/2017,3/11/2025,1/22/2018,Kassandra Lopez,Ashley Scheerger,Brooke Ranagan,A1OZ,N/A,Natasha Murphy,Christine Hager,minnetonkawest@clubpilates.com,minnetonkawestgm@clubpilates.com,minnetonkawestgm@riserfit.com,minnetonkawestli@clubpilates.com,minnetonkawestli@riserfit.com,(952) 777-4440,"17760 MN-7, Minnetonka, MN 55345",17760 MN-7,Minnetonka,Hennepin County,MN,55345,44.91,-93.51,MSP,MIN,Midwest,https://www.clubpilates.com/location/MinnetonkaWest,https://www.instagram.com/clubpilatesMinnetonkaWest,https://www.facebook.com/clubpilatesminnetonkawest/,1875,Apr-35,7-HI RETAIL LLC,0,Bounds,3/11/2025,,1278,8.00%,
Plymouth,80,MN [N],MNPL,MNPL MN-Plymouth,Plymouth,Club Pilates Plymouth,5846,MNPM,Open,6 - 12 Months,12,4,Acquisition,6/24/2017,6/19/2025,8/8/2017,Kassandra Lopez,Ashley Scheerger,Shauna Slipka,A1U4,N/A,Natasha Murphy,Christine Hager,Plymouth@clubpilates.com,Plymouthgm@clubpilates.com,Plymouthgm@riserfit.com,minnetonkawestli@clubpilates.com,minnetonkawestli@riserfit.com,(763) 390-7933,"4000 Annapolis Lane, Suite 105, Plymouth, MN 55447","4000 Annapolis Lane, Suite 105",Plymouth,Hennepin County,MN,55447,45.03,-93.46,MSP,MIN,Midwest,https://www.clubpilates.com/location/plymouth,https://www.instagram.com/clubpilatesplymouth/,https://www.facebook.com/clubpilatesplymouth/,1361,Dec-43,"ROCKFORD ROAD, LLC",0,,,,,8.00%,
Eden Prairie,64,MN [S],MNEP,MNEP MN-Eden Prairie,Eden Prairie,Club Pilates Eden Prairie,7430,MNEP,Open,6 - 12 Months,12,4,Acquisition,11/9/2018,3/11/2025,12/24/2018,Kassandra Lopez,Megan Koski,N/A,N/A,N/A,Natasha Murphy,Hailey Haas,edenprairie@clubpilates.com,edenprairiegm@clubpilates.com,edenprairiegm@riserfit.com,edenprairieli@clubpilates.com,edenprairieli@riserfit.com,(952) 479-0844,"574 Prairie Center Dr., Suite 155, Eden Prairie, MN 55344","574 Prairie Center Dr., Suite 155",Eden Prairie,Hennepin County,MN,55344,44.85,-93.43,MSP,MIN,Midwest,https://www.clubpilates.com/location/EdenPrairie,https://www.instagram.com/clubpilatesEdenPrairie,https://www.facebook.com/clubpilatesedenprairie/,1776,Nov-38,Tower Square Shopping Center Minneapolis LLC,0,Bounds,3/11/2025,,1279,8.00%,
Edina,65,MN [S],MNED,MNED MN-Edina,Edina,Club Pilates Edina,9820,MNED,Open,6 - 12 Months,18,4,Acquisition,3/5/2020,3/11/2025,4/19/2020,Kassandra Lopez,Megan Koski,Molly Buckley,A0YD,Olivia Davis,Natasha Murphy,Sophia Holms,edina@clubpilates.com,edinagm@clubpilates.com,edinagm@riserfit.com,edinali@clubpilates.com,edinali@riserfit.com,(952) 479-0443,"3940 W 50th St., Suite 110, Edina, MN 55424","3940 W 50th St., Suite 110",Edina,Hennepin County,MN,55424,44.91,-93.33,MSP,MIN,Midwest,https://www.clubpilates.com/location/edina,https://www.instagram.com/clubpilatesedina,https://www.facebook.com/ClubPilatesEdina/,2788,Jun-37,"LA Real Estate Group, LLC",0,Bounds,3/11/2025,,1280,8.00%,
Lakeville,66,MN [S],MNLV,MNLV MN-Lakeville,Lakeville,Club Pilates Lakeville,6712,MNLV,Open,6 - 12 Months,12,4,Acquisition,4/5/2018,3/11/2025,5/20/2018,Kassandra Lopez,Megan Koski,Aly Lockhart,A1MZ,N/A,Natasha Murphy,Natasha Murphy,lakeville@clubpilates.com,lakevillegm@clubpilates.com,lakevillegm@riserfit.com,lakevilleli@clubpilates.com,lakevilleli@riserfit.com,(952) 467-8727,"16106 Pilot Knob Rd., #130, Lakeville, MN 55044","16106 Pilot Knob Rd., #130",Lakeville,Dakota County,MN,55345,44.72,-93.18,MSP,MIN,Midwest,https://www.clubpilates.com/location/Lakeville,https://www.instagram.com/clubpilatesLakeville,https://www.facebook.com/clubpilateslakeville/,1600,Apr-43,"Thirty-Eight Properties, LLC",0,Bounds,3/11/2025,,1277,8.00%,
Savage,67,MN [S],MNSV,MNSV MN-Savage,Savage,Club Pilates Savage,5780,MNSV,Open,6 - 12 Months,12,4,Acquisition,4/22/2017,3/11/2025,6/6/2017,Kassandra Lopez,Megan Koski,N/A,N/A,N/A,Natasha Murphy,N/A,savage@clubpilates.com,savagegm@clubpilates.com,savagegm@riserfit.com,savageli@clubpilates.com,savageli@riserfit.com,(952) 777-5905,"14010 State Hwy 13, Savage, MN 55378",14010 State Hwy 13,Minneapolis,Scott County,MN,55378,44.75,-93.38,MSP,MIN,Midwest,https://www.clubpilates.com/location/Savage,https://www.instagram.com/clubpilates_savage/,https://www.facebook.com/clubpilatessavage/,1550,May-37,"TRP SAVAGE, LLC",0,Bounds,3/11/2025,,1276,8.00%,
Aliante,69,NV,NVAL,NVAL NV-Aliante,Aliante,Club Pilates Aliante,11981,NVAL,Open,6 - 12 Months,12,4,Acquisition,12/17/2020,4/9/2025,1/31/2021,Kassandra Lopez,Kristina Miranda,Lilian Salas,A13M,N/A,Lydia Rienbach,Sarah Jane Wunsch,aliante@clubpilates.com,aliantegm@clubpilates.com,aliantegm@riserfit.com,alianteli@clubpilates.com,alianteli@riserfit.com,(702) 342-8827,"6905 N Aliante Parkway, Suite 104, North Las Vegas, NV 89084","6905 N Aliante Parkway, Suite 104",Las Vegas,Clark County,NV,89084,36.29,-115.18,LAS,LV,Southwest,https://www.clubpilates.com/location/aliante,https://www.instagram.com/clubpilatesaliante/,https://www.facebook.com/clubpilatesaliante,1500,Mar-42,"Aliante Plaza, LLC",0,Kirkland,,,,8.00%,
Centennial Hills,70,NV,NVCH,NVCH NV-Centennial Hills,Centennial Hills,Club Pilates Centennial Hills,9324,NVCH,Open,6 - 12 Months,12,4,Acquisition,12/17/2020,4/9/2025,1/31/2021,Kassandra Lopez,Kristina Miranda,Kylie Garrett,A13J,Jinjoo Poynter,Lydia Rienbach,Jose Lopez,centennialhills@clubpilates.com,centennialhillsgm@clubpilates.com,centennialhillsgm@riserfit.com,centennialhillsli@clubpilates.com,centennialhillsli@riserfit.com,(702) 847-7585,"9670 W. Skye Canyon Park Dr., Suite 120, Las Vegas, NV 89166","9670 W. Skye Canyon Park Dr., Suite 120",Las Vegas,Clark County,NV,89166,36.31,-115.31,LAS,LV,Southwest,https://www.clubpilates.com/location/CentennialHills,https://www.instagram.com/clubpilatescentennialhills/,https://www.facebook.com/clubpilatescentennialhills,1680,Jan-36,"FTH NEVADA, INC",0,Kirkland,,,,8.00%,
Green Valley,71,NV,NVGV,NVGV NV-Green Valley,Green Valley,Club Pilates Green Valley,7322,NVGV,Open,6 - 12 Months,12,4,Acquisition,3/7/2019,4/9/2025,4/21/2019,Kassandra Lopez,Kristina Miranda,Regina Kelly,A13K,N/A,Lydia Rienbach,Dawn Lauro,greenvalley@clubpilates.com,greenvalleygm@clubpilates.com,greenvalleygm@riserfit.com,hendersonli@clubpilates.com,hendersonli@riserfit.com,(702) 852-2600,"1550 N Green Valley Pkwy, Suite 350, Henderson, NV 89074","1550 N Green Valley Pkwy, Suite 350",Henderson,Clark County,NV,89074,36.03,-115.09,LAS,LV,Southwest,https://www.clubpilates.com/location/greenvalley,https://www.instagram.com/clubpilatesgreenvalley/,https://www.facebook.com/clubpilatesgreenvalley,1493,Dec-44,"KRG Pebble Marketplace, LLC",0,Kirkland,,,,8.00%,
Henderson,72,NV,NVHE,NVHE NV-Henderson,Henderson,Club Pilates Henderson,5508,NVHE,Open,6 - 12 Months,12,4,Acquisition,12/10/2016,4/9/2025,1/24/2017,Kassandra Lopez,Kristina Miranda,Bryanna Dieter,A13W,Michael Young,Lydia Rienbach,Dawn Lauro,henderson@clubpilates.com,hendersongm@clubpilates.com,hendersongm@riserfit.com,hendersonli@clubpilates.com,hendersonli@riserfit.com,(702) 907-2758,"10525 S. Eastern Ave., Suite 140, Henderson, NV 89052","10525 S. Eastern Ave., Suite 140",Henderson,Clark County,NV,89052,36,-115.11,LAS,LV,Southwest,https://www.clubpilates.com/location/Henderson,https://www.instagram.com/clubpilateshenderson/,https://www.facebook.com/clubpilateshenderson,1490,Mar-37,"JMK Eastern Commons, LLC",0,Kirkland,,,,8.00%,
Mountains Edge,73,NV,NVME,NVME NV-Mountains Edge,Mountain's Edge,Club Pilates Mountain's Edge,11454,NVME,Open,6 - 12 Months,12,4,Acquisition,11/18/2021,4/9/2025,1/2/2022,Kassandra Lopez,Kristina Miranda,Alyssa Saga,A12A,Paizley Swaney,Lydia Rienbach,Lydia Rienbach,mountainsedge@clubpilates.com,mountainsedgegm@clubpilates.com,mountainsedgegm@riserfit.com,mountainsedgeli@clubpilates.com,mountainsedgeli@riserfit.com,(702) 665-7914,"8015 Blue Diamond Rd., #155, Las Vegas, NV 89178","8015 Blue Diamond Rd., #155",Las Vegas,Clark County,NV,89178,36.02,-115.27,LAS,LV,Southwest,https://www.clubpilates.com/location/MountainsEdge,https://www.instagram.com/clubpilatesmountainsedge/,https://www.facebook.com/clubpilatesmountainsedge/,1679,Dec-41,"RIDGECREST DIAMOND, LLC",0,Kirkland,,,,8.00%,
Spring Valley,74,NV,NVSV,NVSV NV-Spring Valley,Spring Valley,Club Pilates Spring Valley,3510,NVSV,Open,6 - 12 Months,12,4,Acquisition,7/12/2018,4/9/2025,8/26/2018,Kassandra Lopez,Kristina Miranda,Savannah May,A12T,N/A,Lydia Rienbach,Lydia Rienbach,springvalley@clubpilates.com,springvalleygm@clubpilates.com,springvalleygm@riserfit.com,mountainsedgeli@clubpilates.com,mountainsedgeli@riserfit.com,(702) 608-1396,"5060 S Fort Apache Rd, Ste 115, Las Vegas, NV 89148","5060 S Fort Apache Rd, Ste 115",Las Vegas,Clark County,NV,89148,36.1,-115.3,LAS,LV,Southwest,https://www.clubpilates.com/location/SpringValley,https://www.instagram.com/clubpilatesspringvalley/,https://www.facebook.com/clubpilatesspringvalley/,1755,N/A,"Tropicana Palm Plaza, LLC",0,Kirkland,,,,8.00%,
Summerlin,75,NV,NVSU,NVSU NV-Summerlin,Summerlin,Club Pilates Summerlin,6054,NVSU,Open,6 - 12 Months,12,4,Acquisition,9/16/2017,4/9/2025,10/31/2017,Kassandra Lopez,Kristina Miranda,Stephanie Rivera,A12V,Payton Hecht,Lydia Rienbach,Michelle Perks,summerlin@clubpilates.com,summerlingm@clubpilates.com,summerlingm@riserfit.com,summerlinli@clubpilates.com,summerlinli@riserfit.com,(702) 979-3422,"7460 W. Lake Mead Blvd., #E1, Las Vegas, NV 89128","7460 W. Lake Mead Blvd., #E1",Las Vegas,Clark County,NV,89128,36.2,-115.26,LAS,LV,Southwest,https://www.clubpilates.com/location/summerlin,https://www.instagram.com/clubpilatessummerlin/,https://www.facebook.com/clubpilatessummerlin,2100,Sep-37,"Gateway Plaza 31, LLC",0,Kirkland,,,,8.00%,
Cedar Hills,11,OR [N],ORCH,ORCH OR-cedar-hills,Cedar Hills,Club Pilates Cedar Hills,7014,7014,Open,2+ Years,12,4,Acquisition,9/11/2018,6/1/2022,10/26/2018,Kristin Chandler,Jacquelyn Weddle,Alessandra Stewart,A100,N/A,Jocelyn McLagan,Jocelyn McLagan,cedarhills@clubpilates.com,cedarhillsgm@clubpilates.com,cedarhillsgm@riserfit.com,westhillsli@clubpilates.com,westhillsli@riserfit.com,(503) 430-0693,"2725 SW Cedar Hills Blvd., Ste. 100, Beaverton, OR 97005","2725 SW Cedar Hills Blvd., Ste. 100",Beaverton,Washington County,OR,97005,45.5,-122.81,PDX,PDX,Northwest,https://www.clubpilates.com/location/cedarhills,https://www.instagram.com/clubpilatescedarhills/,https://www.facebook.com/clubpilatescedarhills,1844,Sep-33,"Center Developments Oreg., II, LLC",5,Sander,8/25/2016,5/31/2022,1228,7.00%,
Grant Park,28,OR [N],ORGP,ORGP OR-grant-park,Grant Park,Club Pilates Grant Park,13547,ORGP,Open,2+ Years,12,4,De Novo,2/15/2024,2/15/2024,3/31/2024,Kristin Chandler,Jacquelyn Weddle,Megan Kirchhofer,A0Q7,N/A,Jocelyn McLagan,Sarah Johnston,grantpark@clubpilates.com,grantparkgm@clubpilates.com,grantparkgm@riserfit.com,grantparkli@clubpilates.com,grantparkli@riserfit.com,(971) 200-7025,"3218 NE Broadway, Portland, OR 97232",3218 NE Broadway,Portland,Multnomah County,OR,97232,45.54,-122.63,PDX,PDX,Northwest,https://www.clubpilates.com/location/grantpark,https://www.instagram.com/clubpilates_grantpark/,https://www.facebook.com/clubpilatesgrantpark,2029,May-44,"GPV I, LLC",5,Sep-23 Consolidated 45,8/26/2022,1/11/2024,3115,8.00%,
Hillsboro,76,OR [N],ORHI,ORHI OR-hillsboro,Hillsboro,Club Pilates Hillsboro,13628,ORHI,Open,6 - 12 Months,12,4,De Novo,4/24/2025,4/24/2025,6/8/2025,Kristin Chandler,Jacquelyn Weddle,Kim Clark,A07X,N/A,Jocelyn McLagan,Jill Frerichs,hillsboro@clubpilates.com,hillsborogm@clubpilates.com,hillsborogm@riserfit.com,hillsboroli@clubpilates.com,hillsboroli@riserfit.com,(971) 405-3928,"7543 SE Blanton Street, Hillsboro, OR 97123",7543 SE Blanton Street,Hillsboro,Washington County,OR,97123,45.49,-122.9,PDX,PDX,Northwest,https://www.clubpilates.com/location/hillsboro,https://www.instagram.com/clubpilates_hillsboro/,https://www.facebook.com/clubpilateshillsboro,1548,May-45,Reed's Town Center LLC,5,Sep-23 Consolidated 45,8/26/2022,1/11/2024,3116,8.00%,
Slabtown,54,OR [N],ORST,ORST OR-Slabtown,Slabtown,Club Pilates Slabtown,14151,ORST,Open,13 - 24 Months,12,4,De Novo,12/5/2024,12/5/2024,1/19/2025,Kristin Chandler,Jacquelyn Weddle,N/A,N/A,N/A,Jocelyn McLagan,Sarah Johnston,slabtown@clubpilates.com,slabtowngm@clubpilates.com,slabtowngm@riserfit.com,grantparkli@clubpilates.com,grantparkli@riserfit.com,(503) 961-9026,"2070 NW Quimby, Suite 142, Portland, OR 97209","2070 NW Quimby, Suite 142",Portland,Multnomah County,OR,97209,45.53,-122.69,PDX,PDX,Northwest,https://www.clubpilates.com/location/slabtown,https://www.instagram.com/clubpilates_slabtown/,https://www.facebook.com/clubpilatesslabtown,2156,Aug-44,"Slabtown Square Owner, LLC",5,Sep-23 Consolidated 45,8/26/2022,No FA effective Date,3117,8.00%,
Tanasbourne,81,OR [N],ORTA,ORTA OR-Tanasbourne,Tanasbourne,Club Pilates Tanasbourne,14712,ORTA,Open,6 - 12 Months,12,4,De Novo,6/23/2025,6/23/2025,8/9/2025,Kristin Chandler,Jacquelyn Weddle,Megan McCarthy,A10H,N/A,Jocelyn McLagan,Jill Frerichs,tanasbourne@clubpilates.com,tanasbournegm@clubpilates.com,tanasbournegm@riserfit.com,hillboroli@clubpilates.com,hillsboroli@riserfit.com,(971) 462-2308,"2359 NW 185th Ave, Suite 33, Hillsboro, OR 97124","2359 NW 185th Ave, Suite 33",Hillsboro,Washington County,OR,97124,45.54,-122.87,PDX,PDX,Northwest,https://www.clubpilates.com/location/Tanasbourne,https://www.instagram.com/clubpilates_tanasbourne/,https://www.facebook.com/clubpilatestanasbourne/,2000,Jun-45,PK II TANASBOURNE VILLAGE LP,5,Sep-23 Consolidated 45,5/9/2023,,3371,8.00%,
West Hills,12,OR [N],ORWE,ORWE OR-west-hills,West Hills,Club Pilates West Hills,5630,5630,Open,2+ Years,12,4,Acquisition,4/18/2017,6/1/2022,6/2/2017,Kristin Chandler,Jacquelyn Weddle,N/A,A1TK,N/A,Jocelyn McLagan,Jocelyn McLagan,westhills@clubpilates.com,westhillsgm@clubpilates.com,westhillsgm@riserfit.com,westhillsli@clubpilates.com,westhillsli@riserfit.com,(503) 477-9172,"7515 SW Barnes Rd., Ste. 102, Portland, OR 97225","7515 SW Barnes Rd., Ste. 102",Portland,Washington County,OR,97225,45.52,-122.75,PDX,PDX,Northwest,https://www.clubpilates.com/location/westhills,https://www.instagram.com/clubpilateswesthills/,https://www.facebook.com/clubpilateswesthills,2097,Apr-32,Grandchildren LLC,5,Sander,8/25/2016,5/31/2022,1227,7.00%,
Woodstock,33,OR [N],ORWS,ORWS OR-woodstock,Southeast Woodstock,Club Pilates Southeast Woodstock,13166,ORWW,Open,13 - 24 Months,18,4,De Novo,5/16/2024,5/16/2024,6/30/2024,Kristin Chandler,Jacquelyn Weddle,Ricky Taylor,A0PE,Courtney Woolery,Jocelyn McLagan,Sarah Johnston,southeastwoodstock@clubpilates.com,southeastwoodstockgm@clubpilates.com,southeastwoodstockgm@riserfit.com,grantparkli@clubpilates.com,grantparkli@riserfit.com,(971) 281-2212,"4324 SE Woodstock Blvd., Suite 2, Portland, OR, 97206",4324 SE Woodstock Blvd.,Portland,Multnomah County,OR,97206,45.48,-122.62,PDX,PDX,Northwest,https://www.clubpilates.com/location/southeastwoodstock,https://www.instagram.com/clubpilates_southeastwoodstock/,https://www.facebook.com/clubpilatessoutheastwoodstock,2530,Jul-44,"Woodstock 44th Partners, LLC",5,Sep-23 Consolidated 45,8/26/2022,1/10/2024,3113,8.00%,
Eugene,56,OR [S],OREU,OREU OR-Eugene,Eugene,Club Pilates Eugene,9410,OREU,Open,13 - 24 Months,12,4,Acquisition,12/5/2019,2/10/2025,1/19/2020,Kristin Chandler,Janelle Engel,Augie Schiano,A1NN,N/A,Jocelyn McLagan,Paige Robinson,eugene@clubpilates.com,Eugenegm@clubpilates.com,Eugenegm@riserfit.com,eugeneli@clubpilates.com,eugeneli@riserfit.com,(541) 248-1406,"440 Coburg Road, Suite 100A, Eugene, OR 97401","440 Coburg Road, Suite 100A",Eugene,Lane County,OR,97401,44.07,-123.07,PDX,PDX,Northwest,https://www.clubpilates.com/location/eugene,https://www.instagram.com/clubpilateseugene/,https://www.facebook.com/clubpilateseugene,2000,Nov-39,"KS Realty Group, Inc.",5,Lisitza,,2/10/2024,1801,8.00%,
Happy Valley,16,OR [S],ORHV,ORHV OR-happy-valley,Happy Valley,Club Pilates Happy Valley,6660,6660,Open,2+ Years,12,4,Acquisition,3/15/2018,1/1/2023,4/29/2018,Kristin Chandler,Janelle Engel,Taycee Wedin,A09M,Kendal Kuhlemann Covert,Jocelyn McLagan,Toni Viuhkola,happyvalley@clubpilates.com,happyvalleygm@clubpilates.com,happyvalleygm@riserfit.com,happyvalleyli@clubpilates.com,happyvalleyli@riserfit.com,(971) 236-7634,"12900 SE 162nd Ave., Ste. 101, Happy Valley, OR 97086","12900 SE 162nd Ave., Ste. 101",Happy Valley,Clackamas County,OR,97086,45.43,-122.5,PDX,PDX,Northwest,https://www.clubpilates.com/location/happyvalley,https://www.instagram.com/clubpilates_happyvalley/,https://www.facebook.com/clubpilateshappyvalley,1608,Feb-43,"Happy Valley Business Park, LLC",5,McCartney,3/3/2017,1/1/2023,1421,8.00%,
Lake Oswego,9,OR [S],ORLO,ORLO OR-lake-oswego,Lake Oswego,Club Pilates Lake Oswego,7470,7470,Open,2+ Years,12,4,Acquisition,1/31/2019,12/1/2021,3/17/2019,Kristin Chandler,Janelle Engel,Emily Howard,A1PJ,N/A,Jocelyn McLagan,Heather Forsberg,lakeoswego@clubpilates.com,lakeoswegogm@clubpilates.com,lakeoswegogm@riserfit.com,progressridgeli@clubpilates.com,progressridgeli@riserfit.com,(503) 822-5473,"3 Monroe Parkway, Suite 300F, Lake Oswego, OR 97035","3 Monroe Parkway, Suite 300F",Lake Oswego,Clackamas County,OR,97035,45.43,-122.7,PDX,PDX,Northwest,https://www.clubpilates.com/location/lakeoswego,https://www.instagram.com/clubpilateslakeoswego/,https://www.facebook.com/clubpilateslakeoswego,1368,Jan-29,"RREEF AMERICA REIT II CORP. GG, C/o Jones Lang LaSalle Americas, Inc",5,Wynkoop,5/31/2018,4/29/2022,1744,7.00%,
Progress Ridge,10,OR [S],ORPR,ORPR OR-progress-ridge,Progress Ridge,Club Pilates Progress Ridge,3805,3805,Open,2+ Years,12,4,Acquisition,6/18/2016,12/1/2021,8/2/2016,Kristin Chandler,Janelle Engel,Taylor Murray,A10N,N/A,Jocelyn McLagan,Heather Forsberg,progressridge@clubpilates.com,progressridgegm@clubpilates.com,progressridgegm@riserfit.com,progressridgeli@clubpilates.com,progressridgeli@riserfit.com,(503) 605-1453,"12305 SW Horizon Blvd, Suite J207, Beaverton, OR 97007","12305 SW Horizon Blvd, Suite J207",Beaverton,Washington County,OR,97007,45.43,-122.83,PDX,PDX,Northwest,https://www.clubpilates.com/location/progressridge,https://www.instagram.com/clubpilates_progressridge/,https://www.facebook.com/ClubPilatesProgressRidge,1432,Jul-33,"DS Progress Ridge LLC c/o First Washington Realty, Inc.",5,Wynkoop,12/22/2015,4/29/2022,1091,7.00%,
Sherwood,15,OR [S],ORSH,ORSH OR-sherwood,Tualatin - Sherwood,Club Pilates Tualatin - Sherwood,6562,6562,Open,2+ Years,12,4,Acquisition,2/15/2018,10/22/2022,4/1/2018,Kristin Chandler,Janelle Engel,Natalie Quevedo-Gonzalez,A1J5,N/A,Jocelyn McLagan,Heather Forsberg,tualatinsherwood@clubpilates.com,sherwoodgm@clubpilates.com,sherwoodgm@riserfit.com,progressridgeli@clubpilates.com,progressridgeli@riserfit.com,(503) 352-4543,"21370 Sw. Langer Farms Pkwy., Ste.144, Sherwood, OR 97140","21370 Sw. Langer Farms Pkwy., Ste.144",Sherwood,Washington County,OR,97140,45.37,-122.84,PDX,PDX,Northwest,https://www.clubpilates.com/location/tualatinsherwood,https://www.instagram.com/clubpilatessherwood/,https://www.facebook.com/clubpilatessherwood,1380,Apr-33,Langer Gramor LLC,5,May,7/28/2016,9/30/2022,1202,7.00%,
West Linn,17,OR [S],ORWL,ORWL OR-west-linn,West Linn,Club Pilates West Linn,12312,12312,Open,2+ Years,12,4,Acquisition,9/22/2022,1/1/2023,11/6/2022,Kristin Chandler,Janelle Engel,N/A,A09F,N/A,Jocelyn McLagan,Toni Viuhkola,westlinn@clubpilates.com,westlinngm@clubpilates.com,westlinngm@riserfit.com,happyvalleyli@clubpilates.com,happyvalleyli@riserfit.com,(503) 218-3736,"1554 Garden Street, #101, West Linn, OR 97068","1554 Garden Street, #101",West Linn,Clackamas County,OR,97068,45.37,-122.61,PDX,PDX,Northwest,https://www.clubpilates.com/location/westlinn,https://www.instagram.com/clubpilateswestlinn/,https://www.facebook.com/clubpilateswestlinn,1943,Sep-42,West Linn Shopping Center Associates LLC,5,McCartney,3/3/2017,1/1/2023,1422,8.00%,
Wilsonville,30,OR [S],ORWV,ORWV OR-wilsonville,Wilsonville,Club Pilates Wilsonville,13708,ORWV,Open,13 - 24 Months,18,4,De Novo,3/7/2024,3/7/2024,4/21/2024,Kristin Chandler,Janelle Engel,Olivia Buck,A1LP,N/A,Jocelyn McLagan,Julia Ostrovskaia,wilsonville@clubpilates.com,wilsonvillegm@clubpilates.com,wilsonvillegm@riserfit.com,wilsonvilleli@clubpilates.com,wilsonvilleli@riserfit.com,(971) 200-7038,"8695 SW Jack Burns Blvd, Suite E, Wilsonville, OR 97070","8695 SW Jack Burns Blvd, Suite E",Wilsonville,Clackamas County,OR,97070,45.33,-122.77,PDX,PDX,Northwest,https://www.clubpilates.com/location/wilsonville,https://www.instagram.com/clubpilates_wilsonville/,https://www.facebook.com/clubpilateswilsonville,2220,May-44,Argyle Capital LLC,5,Sep-23 Consolidated 45,5/9/2023,1/11/2024,3245,8.00%,
Brigham Road,98,UT,UTBR,UTBR UT-Brigham Road,Brigham Road,Club Pilates Brigham Road,15020,UTBR,Open,< 6 Months,12,3,Acquisition,12/4/2025,12/4/2025,1/18/2026,Kassandra Lopez,Kristina Miranda,Ambria Jones,A1MH,N/A,Lydia Rienbach,Arianna Hansen,brighamroad@clubpilates.com,brighamroadgm@clubpilates.com,brighamroadgm@riserfit.com,greenspringsli@clubpilates.com,greenspringsli@riserfit.com,(435) 740-6115,"922 East Brigham Road, unit 5c, St. George, UT 84790","922 East Brigham Road, Unit 5c",St. George,Washington County,UT,84790,37.05,-113.57,UTA,UTA,Northwest,https://www.clubpilates.com/location/brighamroad,https://www.instagram.com/clubpilatesbrighamroad,https://www.facebook.com/clubpilatesbrighamroad,,,,0,Harper,,,3647,8.00%,
Green Springs,94,UT,UTGS,UTGS UT-Green Springs,Green Springs,Club Pilates Green Springs,14415,UTGS,Open,< 6 Months,12,3,Acquisition,2/27/2025,11/5/2025,4/13/2025,Kassandra Lopez,Kristina Miranda,Emma Pieraccini,A1M3,N/A,Lydia Rienbach,Arianna Hansen,greensprings@clubpilates.com,greenspringsgm@clubpilates.com,greenspringsgm@riserfit.com,greenspringsli@clubpilates.com,greenspringsli@riserfit.com,(435) 599-7744,"740 W Telegraph St., Suite 4, Washington, UT 84780",740 W Telegraph St. Suite 4,Washington,Washington County,UT,84780,37.13,-113.5,UTA,UTA,Northwest,https://www.clubpilates.com/location/greensprings,https://www.instagram.com/clubpilatesgreensprings,https://www.facebook.com/clubpilatesgreensprings,,,,0,Harper,,,3551,8.00%,
Pioneer Parkway,95,UT,UTPP,UTPP UT-Pioneer Parkway,Pioneer Parkway,Club Pilates Pioneer Parkway,13045,UTPP,Open,< 6 Months,12,3,Acquisition,7/13/2023,11/5/2025,8/27/2023,Kassandra Lopez,Kristina Miranda,Madison Chacon,A1MG,N/A,Lydia Rienbach,Arianna Hansen,pioneerparkway@clubpilates.com,pioneerparkwaygm@clubpilates.com,pioneerparkwaygm@riserfit.com,greenspringsli@clubpilates.com,greenspringsli@riserfit.com,(435) 600-3540,"3542 Pioneer Pkwy Suite 104, Santa Clara, UT 84765",3542 Pioneer Pkwy Suite 104,Santa Clara,Washington County,UT,84765,37.15,-113.66,UTA,UTA,Northwest,https://www.clubpilates.com/location/pioneerparkway,https://www.instagram.com/clubpilatespioneerparkway,https://www.facebook.com/clubpilatespioneerparkway,,,,0,Harper,,,3058,8.00%,
Bonney Lake,60,WA,WABL,WABL WA-Bonney Lake,Bonney Lake,Club Pilates Bonney Lake,14518,WABL,Open,13 - 24 Months,12,4,De Novo,2/20/2025,2/20/2025,4/6/2025,Kristin Chandler,Isabel Swanson,Katie Para,A1CA,N/A,Emily Freeman,Heidi Stark,bonneylake@clubpilates.com,bonneylakegm@clubpilates.com,bonneylakegm@riserfit.com,Bonneylakeli@clubpilates.com,Bonneylakeli@riserfit.com,(253) 736-2292,"20825 Washington 410, Bonney Lake, WA 98391",20825 Washington 410,Bonney Lake,Pierce County,WA,98391,47.17,-122.15,SEA,SEA,Northwest,https://www.clubpilates.com/location/bonneylake,https://www.instagram.com/clubpilates_bonneylake/,https://www.facebook.com/clubpilatesbonneylake/,1520,Feb-46,Joseph W Walike MD,5,Sep-23 Consolidated 45,5/9/2023,,3250,8.00%,
Crown Hill,55,WA,WACH,WACH WA-crown-hill,Crown Hill,Club Pilates Crown Hill,13573,WACH,Open,13 - 24 Months,24,4,De Novo,12/16/2024,12/16/2024,1/30/2025,Kristin Chandler,Isabel Swanson,Terrell Stephens,A0R1,N/A,Emily Freeman,Tiffany Lodes,crownhill@clubpilates.com,crownhillgm@clubpilates.com,crownhillgm@riserfit.com,crownhillli@clubpilates.com,crownhillli@riserfit.com,(206) 210-8332,"9749 Holman Rd. NW, Seattle, WA 98117",9749 Holman Rd. NW,Seattle,King County,WA,98117,47.7,-122.36,SEA,SEA,Northwest,https://www.clubpilates.com/location/crownhill,https://www.instagram.com/clubpilates_crownhill/,https://www.facebook.com/clubpilatescrownhill,3263,Jun-44,"F.R. MCABEE, INCORPORATED",5,Sep-23 Consolidated 45,8/26/2022,6/26/2024,3118,8.00%,
Interbay,83,WA,WAIB,WAIB WA-Interbay,Interbay,Club Pilates Interbay,14645,WAIB,Open,6 - 12 Months,20,4,De Novo,8/7/2025,8/7/2025,9/21/2025,Kristin Chandler,Isabel Swanson,Conor Meredith,A10P,Katie Baker,Emily Freeman,Adena Atkins,Interbay@clubpilates.com,Interbaygm@clubpilates.com,Interbaygm@riserfit.com,interbayli@clubpilates.com,interbayli@riserfit.com,(206) 209-1410,"1827 15th Avenue West, Suite A10, Seattle, WA 98119","1827 15th Avenue West, Suite A10",Seattle,King County,WA,98119,47.64,-122.38,SEA,SEA,Northwest,https://www.clubpilates.com/location/interbay,https://www.instagram.com/clubpilates_interbay/,https://www.facebook.com/clubpilatesinterbay,2416,TBD,DS Properties 18 LP,5,Sep-23 Consolidated 45,5/9/2023,,3252,8.00%,
Lake Tapps,77,WA,WALT,WALT WA-Lake Tapps,Lake Tapps,Club Pilates Lake Tapps,14519,WALT,Open,6 - 12 Months,12,4,De Novo,4/24/2025,4/24/2025,6/8/2025,Kristin Chandler,Isabel Swanson,N/A,A0WS,N/A,Emily Freeman,Nika Eshetu,laketapps@clubpilates.com,laketappsgm@clubpilates.com,laketappsgm@riserfit.com,laketappsli@clubpilates.com,laketappsli@riserfit.com,(253) 264-3303,"1418 Lake Tapps Parkway, #C-104, Auburn, WA 98092","1418 Lake Tapps Parkway, #C-104",Auburn,Pierce County,WA,98902,47.24,-122.21,SEA,SEA,Northwest,https://www.clubpilates.com/location/LakeTapps,https://www.instagram.com/clubpilateslaketapps/,https://www.facebook.com/clubpilateslaketapps/,1831,Apr-45,"WC PROPERTIES (EDENS), LLC",5,Sep-23 Consolidated 45,5/9/2023,,3249,8.00%,
Mercer Island,8,WA,WAMI,WAMI WA-mercer-island,Mercer Island,Club Pilates Mercer Island,6610,6610,Open,2+ Years,12,4,Acquisition,2/28/2018,11/1/2021,4/14/2018,Kristin Chandler,Isabel Swanson,Sarah Paul,A15E,N/A,Emily Freeman,Emily Freeman,mercerisland@clubpilates.com,mercerislandgm@clubpilates.com,mercerislandgm@riserfit.com,mercerislandli@clubpilates.com,mercerislandli@riserfit.com,(206) 656-0880,"2601 76th Ave SE, Ste. 103, Mercer Island, WA 98040","2601 76th Ave SE, Ste. 103",Mercer Island,King County,WA,98040,47.59,-122.24,SEA,SEA,Northwest,https://www.clubpilates.com/location/mercerisland,https://www.instagram.com/clubpilatesmercerisland/,https://www.facebook.com/clubpilatesmercerisland,1671,Feb-38,SyHadley LLC c/o Sy West Development LLC,5,Shah,7/21/2017,2/28/2022,1543,7.00%,
Sammamish,29,WA,WASA,WASA WA-sammamish,Sammamish,Club Pilates Sammamish,13580,WASA,Open,2+ Years,24,4,De Novo,2/29/2024,2/29/2024,4/14/2024,Kristin Chandler,Isabel Swanson,Liliana Iurco,A123,Christa Jordan,Emily Freeman,Valerie Theodorou,sammamish@clubpilates.com,sammamishgm@clubpilates.com,sammamishgm@riserfit.com,sammamishli@clubpilates.com,sammamishli@riserfit.com,(425) 629-9479,"608 228th Ave NE, Suite 608, Sammamish, WA 98074","608 228th Ave NE, Suite 608",Sammamish,King County,WA,98074,47.61,-122.03,SEA,SEA,Northwest,https://www.clubpilates.com/location/sammamish,https://www.instagram.com/clubpilates_sammamish/,https://www.facebook.com/clubpilatessammamish,2800,Feb-39,Regency Centers LP,5,Sep-23 Consolidated 45,8/26/2022,6/26/2024,3114,8.00%,
San Angel,103,MX,MXSA,MXSA Mexico-San Angel,San Angel,Club Pilates San Angel,15169,N/A,Open,SO to GO,20,,De Novo,2/26/2026,2/26/2026,4/16/2026,Oscar Antúnez,Oscar Antúnez,Oscar Antúnez,N/A,N/A,N/A,N/A,,,,N/A,N/A,(551) 237-8089,,,,,,,,,,,,,,,,,,0,,,,,3.00%,
Catalina Foothills,105,AZ,AZCF,AZCF AZ-Catalina Foothills,Catalina Foothills,Club Pilates Catalina Foothills,15036,AZCF,Presale,Inactive,12,4,De Novo,3/26/2026,4/24/2026,5/10/2026,Daniela Valenzuela,Kasandra Ryan,Nikki Hacker,A18W,N/A,Amy Young,Jamey Powers,catalinafoothills@clubpilates.com,catalinafoothillsgm@clubpilates.com,N/A,catalinafoothillsli@clubpilates.com,catalinafoothillsli@riserfit.com,(520) 372-5515,"1865 E. River Rd., Suite 151, Tucson, AZ 85749","1865 E. River Rd., Suite 151",Tucson,Pima County,AZ,85749,32.29,-110.94,TUC,TUC,SouthWest,https://www.clubpilates.com/location/catalinafoothills,https://www.instagram.com/clubpilatescatalinafoothills/,https://www.facebook.com/clubpilatescatalinafoothills/,,,,0,,,,,8.00%,
Lakeville South,104,MN [S],MNLS,MNLS MN-Lakeville South,Lakeville South,Club Pilates Lakeville South,15161,MNSL,Presale,Inactive,18,4,De Novo,3/19/2026,3/27/2026,5/3/2026,Kassandra Lopez,Megan Koski,Mary Ricklick,A1C4,N/A,Natasha Murphy,N/A,lakevillesouth@clubpilates.com,lakevillesouthgm@clubpilates.com,N/A,N/A,N/A,(952) 697-2550,"20137 Idealic Ave., Lakeville, MN 55044",20137 Idealic Ave.,Lakeville,Dakota County,MN,55044,44.66,-93.24,MSP,MIN,Midwest,https://www.clubpilates.com/location/lakevillesouth,https://www.instagram.com/clubpilateslakevillesouth/,https://www.facebook.com/clubpilateslakevillesouth/,2500,#N/A,#N/A,0,Sep-23 Consolidated 45,9/29/2023,,,8.00%,
Shakopee,106,MN [S],MNSK,MNSK MN-Shakopee,N/A,Club Pilates Shakopee,15159,MNSK,Presale,Inactive,12,4,De Novo,3/26/2026,4/24/2026,5/10/2026,Kassandra Lopez,N/A,N/A,N/A,N/A,Natasha Murphy,N/A,shakopee@clubpilates.com,shakopeegm@clubpilates.com,N/A,N/A,N/A,(952) 698-0668,"1667 17th Ave E, Suite 12, Shakopee, MN 55379","1667 17th Ave E, Suite 12",Shakopee,Scott County,MN,55379,44.77,-93.5,MSP,MIN,Midwest,https://www.clubpilates.com/location/shakopee,https://www.instagram.com/clubpilatesshakopee/,https://www.facebook.com/clubpilatesshakopee/,,,,0,,,,,8.00%,
Milwaukie,107,OR [S],ORMW,ORMW OR-Milwaukie,N/A,Club Pilates Milwaukie,15234,ORMW,Presale,Inactive,12,4,De Novo,7/16/2026,6/5/2026,8/30/2026,Kristin Chandler,Janelle Engel,N/A,N/A,N/A,Jocelyn McLagan,N/A,milwaukie@clubpilates.com,,,N/A,N/A,,"10810 SE Oak St., Suite 3, Milwaukie, OR 97222","10810 SE Oak St., Suite 3",Milwaukie,,OR,97222,45.44,-122.63,,,,,,,,,,5,,,,,8.00%,
Ballard,108,WA,WABA,WABA WA-Ballard,Ballard,Club Pilates Ballard,15039,WABA,Presale,Inactive,12,4,De Novo,5/7/2026,6/12/2026,6/21/2026,N/A,N/A,N/A,N/A,N/A,Emily Freeman,N/A,ballard@clubpilates.com,ballardgm@clubpilates.com,N/A,N/A,N/A,(206) 580-0586,"1545 NW Market St., Suite 118 & 119, Seattle, WA 98107","1545 NW Market St., Suite 118 & 119",Seattle,King County,WA,98107,47.67,-122.38,SEA,SEA,Northwest,https://www.clubpilates.com/location/ballard,https://www.instagram.com/clubpilates.ballard/,https://www.facebook.com/clubpilatesballard/,,,,5,,,,,8.00%,
Mount Baker,111,WA,WAMB,WAMB WA-Mount Baker,Mount Baker,Club Pilates Mount Baker,15037,WAMB,Presale,Inactive,12,4,De Novo,6/18/2026,7/17/2026,8/2/2026,N/A,N/A,N/A,N/A,N/A,Emily Freeman,N/A,mountbaker@clubpilates.com,mountbakergm@clubpilates.com,N/A,N/A,N/A,(360) 364-0908,"1750 22nd Avenue S., Suite 400E, Seattle, WA 98144","1750 22nd Avenue S., Suite 400E",Seattle,King County,WA,98144,47.59,-122.3,SEA,SEA,Northwest,https://www.clubpilates.com/location/mountbaker,https://www.instagram.com/clubpilatesmountbaker/,https://www.facebook.com/clubpilatesmountbaker/,,,,5,,,,,8.00%,
Puyallup South Hill,112,WA,WAPU,WAPU WA-Puyallup,N/A,Club Pilates Puyallup South Hill,15245,WAPY,Presale,Inactive,12,5,De Novo,7/16/2026,7/17/2026,8/30/2026,N/A,N/A,N/A,N/A,N/A,Emily Freeman,N/A,puyallupsouthhill@clubpilates.com,,,N/A,N/A,(253) 881-7877,"13103 Meridian Ave E., Suite 104, Puyallup, WA 98373","13103 Meridian Ave E., Suite 104",Puyallup,,WA,98373,47.14,-122.29,,,,,,,,,,5,,,,,8.00%,
Bear Canyon,109,AZ,AZBC,AZBC AZ-Bear Canyon,N/A,Club Pilates Bear Canyon,15038,AZBC,Presale,Inactive,12,4,De Novo,7/16/2026,7/16/2026,8/30/2026,N/A,N/A,N/A,N/A,N/A,Amy Young,Jamey Powers,bearcanyon@clubpilates.com,bearcanyongm@clubpilates.com,N/A,catalinafoothillsli@clubpilates.com,catalinafoothillsli@riserfit.com,(520) 428-1050,"9105 E Tanque Verde Rd. Tucson, Arizona 85749",9105 E Tanque Verde Rd. Tucson,Tucson,Pima County,AZ,85749,32.26,-110.8,TUC,TUC,Southwest,https://www.clubpilates.com/location/bearcanyon,https://www.instagram.com/clubpilatesbearcanyon/,https://www.facebook.com/clubpilatesbearcanyon/,1861,#N/A,#N/A,0,,,,,8.00%,
Livermore,110,CA [N-EB],CALI,CALI CA-Livermore,Livermore,Club Pilates Livermore,14932,CALI,Presale,Inactive,12,5,De Novo,7/16/2026,7/16/2026,8/30/2026,Kristin Chandler,N/A,N/A,N/A,N/A,Annabel Castaldo,N/A,livermore@clubpilates.com,livermoregm@clubpilates.com,livermoregm@riserfit.com,N/A,N/A,(925) 315-9818,"2100 Portola Ave. E, Suite B5, Livermore, CA 94551","2100 Portola Ave. E, Suite B5",Pleasanton,Alameda County,CA,94551,37.69,-121.77,BAY,BAY,Southwest,https://www.clubpilates.com/location/Livermore,https://www.instagram.com/clubpilateslivermore/,https://www.facebook.com/clubpilateslivermore/,1611,#N/A,#N/A,5,Sep-23 Consolidated 45,5/9/2023,,3617,8.00%,
Lakeshore,113,CA [N-WB],CALS,CALS CA-Lakeshore,Lakeshore,Club Pilates Lakeshore,14931,CALS,Upcoming,Inactive,12,5,De Novo,12/10/2026,12/10/2026,1/24/2027,Kristin Chandler,,N/A,N/A,N/A,Annabel Castaldo,N/A,lakeshore@clubpilates.com,lakeshoregm@clubpilates.com,lakeshoregm@riserfit.com,N/A,N/A,(415) 363-8008,"1569 Sloat Blvd., Suite A200, San Francisco, California, 94132","1569 Sloat Blvd., Suite A200",San Francisco,San Francisco County,CA,94132,37.73,-122.49,BAY,BAY,Southwest,https://www.clubpilates.com/location/lakeshore,https://www.instagram.com/clubpilateslakeshore/,https://www.facebook.com/clubpilateslakeshore/,1657,#N/A,#N/A,5,Sep-23 Consolidated 45,9/29/2023,,3619,8.00%,